tt,class,selection
TRAIN,A,00003
TRAIN,A,00004
TRAIN,A,00007
TEST,A,00008
TRAIN,A,00011
TEST,A,00012
TRAIN,A,00015
TRAIN,A,00016
TRAIN,A,00019
TRAIN,A,00020
TRAIN,A,00118
TRAIN,A,00122
TRAIN,A,00124
TRAIN,A,00125
TRAIN,A,00128
TRAIN,A,00129
TEST,A,00132
TEST,A,00133
TRAIN,A,00136
TRAIN,A,00137
TRAIN,A,00140
TRAIN,A,00141
TRAIN,A,00144
TRAIN,A,00145
TEST,A,00227
TEST,A,00231
TRAIN,A,00235
TRAIN,A,00236
TRAIN,A,00239
TRAIN,A,00240
TRAIN,A,00243
TEST,A,00244
TEST,A,00247
TRAIN,A,00248
TRAIN,A,00251
TRAIN,A,00252
TRAIN,A,00255
TRAIN,A,00256
TRAIN,A,00259
TRAIN,A,00260
TRAIN,A,00263
TRAIN,A,00264
TRAIN,A,00457
TRAIN,A,00462
TRAIN,A,00466
TRAIN,A,00467
TRAIN,A,00470
TRAIN,A,00471
TRAIN,A,00474
TEST,A,00475
TRAIN,A,00478
TRAIN,A,00479
TRAIN,A,00482
TEST,A,00483
TRAIN,A,00486
TEST,A,00487
TRAIN,A,00490
TRAIN,A,00491
TRAIN,A,00494
TRAIN,A,00495
TRAIN,A,00498
TRAIN,A,00499
TRAIN,A,00502
TRAIN,A,00503
TRAIN,A,00506
TRAIN,A,00509
TRAIN,A,00512
TRAIN,A,00515
TRAIN,A,00516
TRAIN,A,00519
TRAIN,A,00520
TRAIN,A,00523
TRAIN,A,00701
TRAIN,A,00705
TRAIN,A,00706
TEST,A,00709
TRAIN,A,00710
TRAIN,A,00713
TRAIN,A,00714
TRAIN,A,00717
TRAIN,A,00718
TEST,A,00721
TRAIN,A,00722
TRAIN,A,00725
TEST,A,00726
TRAIN,A,00729
TRAIN,A,00730
TRAIN,A,00733
TRAIN,A,00734
TRAIN,A,00737
TRAIN,A,00738
TRAIN,A,00741
TRAIN,A,00742
TRAIN,A,00745
TRAIN,A,00746
TRAIN,A,00749
TRAIN,A,00750
TRAIN,A,00753
TRAIN,A,00756
TRAIN,A,00759
TRAIN,A,00895
TRAIN,A,00900
TEST,A,00904
TEST,A,00907
TRAIN,A,00908
TEST,A,00911
TRAIN,A,00912
TEST,A,00915
TRAIN,A,00916
TRAIN,A,00919
TRAIN,A,00920
TRAIN,A,01105
TEST,A,01109
TRAIN,A,01111
TRAIN,A,01112
TRAIN,A,01115
TRAIN,A,01116
TRAIN,A,01119
TRAIN,A,01120
TEST,A,01123
TRAIN,A,01124
TRAIN,A,01127
TRAIN,A,01128
TRAIN,A,01131
TRAIN,A,01132
TRAIN,A,01135
TRAIN,A,01138
TRAIN,A,01285
TRAIN,A,01289
TRAIN,A,01293
TRAIN,A,01296
TEST,A,01297
TEST,A,01300
TRAIN,A,01301
TEST,A,01304
TRAIN,A,01305
TEST,A,01308
TRAIN,A,01309
TRAIN,A,01312
TRAIN,A,01313
TRAIN,A,01316
TRAIN,A,01317
TRAIN,A,01320
TRAIN,A,01481
TEST,A,01485
TRAIN,A,01488
TRAIN,A,01489
TRAIN,A,01492
TRAIN,A,01493
TEST,A,01496
TRAIN,A,01497
TRAIN,A,01500
TRAIN,A,01501
TRAIN,A,01504
TRAIN,A,01507
TRAIN,A,01510
TRAIN,A,01668
TRAIN,A,01672
TRAIN,A,01674
TRAIN,A,01677
TRAIN,A,01680
TEST,A,01681
TRAIN,A,01684
TRAIN,A,01685
TRAIN,A,01688
TRAIN,A,01689
TRAIN,A,01692
TEST,A,01695
TRAIN,A,01696
TRAIN,A,01699
TRAIN,A,01702
TRAIN,A,01705
TEST,A,01708
TRAIN,A,01709
TEST,A,01712
TEST,A,01715
TEST,A,01843
TEST,A,01847
TRAIN,A,01851
TRAIN,A,01854
TRAIN,A,01855
TRAIN,A,01858
TRAIN,A,01859
TRAIN,A,01862
TRAIN,A,01863
TRAIN,A,01866
TRAIN,A,01867
TRAIN,A,01870
TRAIN,A,01871
TRAIN,A,01874
TRAIN,A,02042
TRAIN,A,02046
TEST,A,02050
TRAIN,A,02053
TRAIN,A,02054
TRAIN,A,02057
TRAIN,A,02058
TRAIN,A,02061
TRAIN,A,02062
TRAIN,A,02065
TRAIN,A,02066
TEST,A,02069
TRAIN,A,02070
TRAIN,A,02073
TEST,A,02076
TRAIN,A,02238
TRAIN,A,02241
TEST,A,02242
TRAIN,A,02245
TRAIN,A,02246
TEST,A,02249
TEST,A,02250
TRAIN,A,02253
TRAIN,A,02254
TRAIN,A,02257
TRAIN,A,02258
TEST,A,02261
TRAIN,A,02262
TRAIN,A,02265
TRAIN,A,02266
TRAIN,A,02269
TRAIN,A,02270
TEST,A,02273
TRAIN,A,02276
TRAIN,A,02421
TEST,A,02426
TRAIN,A,02430
TRAIN,A,02433
TRAIN,A,02434
TRAIN,A,02437
TRAIN,A,02438
TRAIN,A,02441
TRAIN,A,02442
TRAIN,A,02445
TEST,A,02446
TEST,A,02449
TRAIN,A,02450
TEST,A,02453
TRAIN,A,02454
TRAIN,A,02457
TRAIN,A,02599
TRAIN,A,02603
TRAIN,A,02607
TRAIN,A,02610
TRAIN,A,02611
TRAIN,A,02614
TRAIN,A,02615
TRAIN,A,02618
TRAIN,A,02619
TRAIN,A,02622
TEST,A,02623
TRAIN,A,02626
TEST,A,02627
TRAIN,A,02630
TRAIN,A,02631
TRAIN,A,02634
TRAIN,A,02635
TRAIN,A,02638
TRAIN,A,02721
TRAIN,A,02722
TEST,A,02726
TRAIN,A,02727
TRAIN,A,02730
TRAIN,A,02731
TRAIN,A,02734
TRAIN,A,02735
TEST,A,02738
TRAIN,A,02739
TRAIN,A,02742
TEST,A,02743
TRAIN,A,02746
TRAIN,A,02747
TRAIN,A,02750
TRAIN,A,02753
TRAIN,A,02756
TRAIN,A,02887
TRAIN,A,02891
TRAIN,A,02894
TEST,A,02895
TRAIN,A,02898
TRAIN,A,02899
TEST,A,02902
TRAIN,A,02903
TRAIN,A,02906
TRAIN,A,02907
TRAIN,A,02910
TEST,A,02911
TRAIN,A,02914
TRAIN,A,03033
TRAIN,A,03037
TRAIN,A,03041
TEST,A,03044
TEST,A,03045
TEST,A,03047
TEST,A,03048
TRAIN,A,03051
TRAIN,A,03052
TRAIN,A,03055
TEST,A,03056
TEST,A,03059
TRAIN,A,03060
TRAIN,A,03063
TEST,A,03177
TRAIN,A,03313
TRAIN,A,03318
TRAIN,A,03321
TRAIN,A,03324
TRAIN,A,03325
TEST,A,03328
TRAIN,A,03329
TEST,A,03332
TEST,A,03333
TRAIN,A,03336
TRAIN,A,03337
TRAIN,A,03340
TRAIN,A,03341
TRAIN,A,03444
TRAIN,A,03449
TRAIN,A,03453
TRAIN,A,03457
TRAIN,A,03460
TRAIN,A,03461
TRAIN,A,03464
TRAIN,A,03465
TRAIN,A,03468
TEST,A,03469
TRAIN,A,03472
TRAIN,A,03473
TRAIN,A,03476
TRAIN,A,03477
TRAIN,A,03480
TRAIN,A,03483
TRAIN,A,03581
TRAIN,A,03582
TRAIN,A,03585
TRAIN,A,03586
TRAIN,A,03589
TRAIN,A,03590
TEST,A,03593
TEST,A,03594
TRAIN,A,03597
TRAIN,A,03598
TEST,A,03601
TEST,A,03602
TEST,A,03758
TEST,A,03761
TEST,A,03764
TEST,A,03765
TRAIN,A,03767
TRAIN,A,03768
TRAIN,A,03771
TEST,A,03772
TEST,A,03901
TEST,A,03905
TEST,A,03909
TRAIN,A,03913
TRAIN,A,03915
TRAIN,A,03916
TRAIN,A,03919
TEST,A,03920
TRAIN,A,03923
TRAIN,A,03924
TRAIN,A,03927
TRAIN,A,03930
TRAIN,A,04122
TRAIN,A,04126
TEST,A,04129
TEST,A,04130
TRAIN,A,04133
TRAIN,A,04134
TRAIN,A,04137
TRAIN,A,04138
TRAIN,A,04141
TRAIN,A,04142
TEST,A,04145
TEST,A,04146
TEST,A,04149
TRAIN,A,04253
TRAIN,A,04254
TRAIN,A,04256
TEST,A,04260
TEST,A,04261
TEST,A,04266
TRAIN,A,04267
TRAIN,A,04377
TRAIN,A,04382
TRAIN,A,04386
TRAIN,A,04390
TEST,A,04394
TRAIN,A,04396
TRAIN,A,04397
TRAIN,A,04400
TRAIN,A,04401
TEST,A,04404
TRAIN,A,04405
TEST,A,04408
TRAIN,A,04409
TEST,A,04412
TRAIN,A,04413
TRAIN,A,04416
TRAIN,A,04417
TRAIN,A,04514
TEST,A,04519
TRAIN,A,04522
TRAIN,A,04523
TRAIN,A,04526
TRAIN,A,04527
TEST,A,04530
TRAIN,A,04531
TRAIN,A,04534
TRAIN,A,04535
TRAIN,A,04538
TRAIN,A,04539
TRAIN,A,04542
TRAIN,A,04543
TRAIN,A,04546
TRAIN,A,04666
TRAIN,A,04670
TRAIN,A,04673
TRAIN,A,04674
TRAIN,A,04677
TRAIN,A,04678
TRAIN,A,04681
TRAIN,A,04682
TEST,A,04685
TEST,A,04686
TRAIN,A,04689
TRAIN,A,04690
TRAIN,A,04693
TRAIN,A,04694
TRAIN,A,04697
TRAIN,A,04698
TEST,A,04771
TRAIN,A,04774
TRAIN,A,04778
TRAIN,A,04779
TRAIN,A,04782
TRAIN,A,04783
TRAIN,A,04786
TRAIN,A,04787
TRAIN,A,04790
TRAIN,A,04791
TRAIN,A,04794
TRAIN,A,04795
TRAIN,A,04798
TRAIN,A,04799
TRAIN,A,04802
TRAIN,A,04803
TRAIN,A,04924
TEST,A,04929
TRAIN,A,04932
TRAIN,A,04933
TRAIN,A,04936
TRAIN,A,04937
TEST,A,04940
TEST,A,04941
TEST,A,04944
TRAIN,A,04945
TRAIN,A,04948
TRAIN,A,04949
TRAIN,A,04952
TRAIN,A,04953
TEST,A,05070
TRAIN,A,05074
TRAIN,A,05077
TRAIN,A,05078
TRAIN,A,05081
TRAIN,A,05082
TRAIN,A,05085
TRAIN,A,05086
TRAIN,A,05089
TRAIN,A,05090
TRAIN,A,05093
TRAIN,A,05094
TRAIN,A,05097
TEST,A,05098
TRAIN,A,05101
TRAIN,A,05102
TRAIN,A,05105
TRAIN,A,05200
TRAIN,A,05202
TRAIN,A,05205
TRAIN,A,05206
TRAIN,A,05209
TRAIN,A,05210
TRAIN,A,05212
TEST,A,05213
TRAIN,A,05323
TRAIN,A,05327
TRAIN,A,05330
TRAIN,A,05334
TEST,A,05337
TRAIN,A,05340
TRAIN,A,05341
TRAIN,A,05344
TRAIN,A,05345
TRAIN,A,05348
TRAIN,A,05349
TRAIN,A,05352
TRAIN,A,05353
TRAIN,A,05356
TRAIN,A,05357
TRAIN,A,05360
TRAIN,A,05361
TRAIN,A,05452
TRAIN,A,05458
TRAIN,A,05459
TRAIN,A,05461
TEST,A,05462
TRAIN,A,05465
TRAIN,A,05468
TRAIN,A,05469
TRAIN,B,00123
TRAIN,B,00151
TRAIN,B,00267
TRAIN,B,00274
TRAIN,B,00278
TRAIN,B,00708
TEST,B,00910
TRAIN,B,01679
TEST,B,02432
TEST,B,03322
TRAIN,B,03463
TRAIN,B,04250
TRAIN,B,05107
TRAIN,Bd,00119
TRAIN,Bd,00120
TRAIN,Bd,00121
TEST,Bd,00229
TRAIN,Bd,00232
TRAIN,Bd,00234
TRAIN,Bd,00242
TRAIN,Bd,00458
TRAIN,Bd,00459
TRAIN,Bd,00460
TRAIN,Bd,00461
TEST,Bd,00896
TRAIN,Bd,00897
TRAIN,Bd,00898
TRAIN,Bd,00899
TRAIN,Bd,00901
TEST,Bd,00902
TRAIN,Bd,00903
TRAIN,Bd,00905
TEST,Bd,00906
TRAIN,Bd,01286
TRAIN,Bd,01287
TRAIN,Bd,01288
TRAIN,Bd,01290
TRAIN,Bd,01291
TEST,Bd,01292
TRAIN,Bd,01669
TRAIN,Bd,01670
TRAIN,Bd,01671
TRAIN,Bd,01675
TRAIN,Bd,02422
TRAIN,Bd,02423
TRAIN,Bd,02424
TRAIN,Bd,02425
TRAIN,Bd,02427
TRAIN,Bd,02428
TEST,Bd,02429
TEST,Bd,02596
TRAIN,Bd,02597
TRAIN,Bd,02598
TEST,Bd,02888
TRAIN,Bd,02889
TRAIN,Bd,02890
TEST,Bd,03314
TRAIN,Bd,03315
TEST,Bd,03319
TRAIN,Bd,03320
TRAIN,Bd,03440
TRAIN,Bd,03441
TRAIN,Bd,03759
TEST,Bm,00006
TEST,Bm,00127
TRAIN,Bm,00135
TRAIN,Bm,00139
TRAIN,Bm,00463
TRAIN,Bm,00464
TRAIN,Bm,00465
TRAIN,Bm,00469
TRAIN,Bm,00477
TEST,Bm,00501
TRAIN,Bm,00508
TRAIN,Bm,00511
TRAIN,Bm,00514
TRAIN,Bm,00518
TEST,Bm,00522
TRAIN,Bm,00525
TRAIN,Bm,00526
TRAIN,Bm,00529
TRAIN,Bm,00532
TRAIN,Bm,00533
TRAIN,Bm,00534
TRAIN,Bm,00537
TRAIN,Bm,00538
TRAIN,Bm,00539
TRAIN,Bm,00542
TRAIN,Bm,00543
TRAIN,Bm,00544
TRAIN,Bm,00547
TRAIN,Bm,00548
TEST,Bm,00551
TEST,Bm,00552
TEST,Bm,00553
TRAIN,Bm,00554
TRAIN,Bm,00557
TRAIN,Bm,00560
TRAIN,Bm,00702
TRAIN,Bm,00703
TRAIN,Bm,00704
TRAIN,Bm,00712
TRAIN,Bm,00716
TEST,Bm,00720
TEST,Bm,00724
TRAIN,Bm,00728
TRAIN,Bm,00732
TRAIN,Bm,00736
TRAIN,Bm,00740
TRAIN,Bm,00744
TRAIN,Bm,00748
TEST,Bm,00752
TRAIN,Bm,00755
TEST,Bm,00758
TRAIN,Bm,00761
TRAIN,Bm,00764
TRAIN,Bm,00767
TRAIN,Bm,00770
TRAIN,Bm,00773
TRAIN,Bm,00914
TRAIN,Bm,00918
TEST,Bm,00922
TRAIN,Bm,00925
TEST,Bm,00928
TEST,Bm,00931
TRAIN,Bm,00934
TRAIN,Bm,00937
TEST,Bm,00938
TEST,Bm,00941
TRAIN,Bm,00944
TRAIN,Bm,00947
TRAIN,Bm,00948
TRAIN,Bm,00949
TRAIN,Bm,01106
TRAIN,Bm,01107
TRAIN,Bm,01108
TRAIN,Bm,01110
TRAIN,Bm,01114
TRAIN,Bm,01118
TEST,Bm,01122
TEST,Bm,01126
TEST,Bm,01130
TRAIN,Bm,01134
TRAIN,Bm,01137
TRAIN,Bm,01140
TRAIN,Bm,01143
TEST,Bm,01146
TRAIN,Bm,01152
TRAIN,Bm,01294
TEST,Bm,01295
TRAIN,Bm,01299
TEST,Bm,01303
TRAIN,Bm,01307
TRAIN,Bm,01311
TRAIN,Bm,01315
TRAIN,Bm,01319
TRAIN,Bm,01322
TRAIN,Bm,01331
TRAIN,Bm,01332
TRAIN,Bm,01335
TEST,Bm,01338
TRAIN,Bm,01341
TRAIN,Bm,01344
TRAIN,Bm,01347
TRAIN,Bm,01350
TRAIN,Bm,01353
TRAIN,Bm,01356
TRAIN,Bm,01359
TEST,Bm,01362
TRAIN,Bm,01365
TRAIN,Bm,01482
TRAIN,Bm,01483
TEST,Bm,01484
TRAIN,Bm,01486
TEST,Bm,01487
TEST,Bm,01491
TRAIN,Bm,01495
TRAIN,Bm,01499
TRAIN,Bm,01503
TRAIN,Bm,01509
TEST,Bm,01512
TRAIN,Bm,01515
TEST,Bm,01518
TRAIN,Bm,01521
TEST,Bm,01524
TEST,Bm,01527
TEST,Bm,01530
TRAIN,Bm,01533
TRAIN,Bm,01536
TEST,Bm,01539
TRAIN,Bm,01676
TRAIN,Bm,01678
TRAIN,Bm,01683
TRAIN,Bm,01687
TEST,Bm,01691
TRAIN,Bm,01694
TRAIN,Bm,01698
TRAIN,Bm,01701
TEST,Bm,01704
TRAIN,Bm,01707
TRAIN,Bm,01711
TRAIN,Bm,01714
TRAIN,Bm,01717
TRAIN,Bm,01720
TRAIN,Bm,01844
TRAIN,Bm,01845
TRAIN,Bm,01846
TRAIN,Bm,01848
TRAIN,Bm,01849
TRAIN,Bm,01850
TEST,Bm,01852
TRAIN,Bm,01853
TRAIN,Bm,01857
TEST,Bm,01861
TRAIN,Bm,01865
TRAIN,Bm,01873
TRAIN,Bm,01876
TRAIN,Bm,01879
TRAIN,Bm,01880
TRAIN,Bm,01881
TRAIN,Bm,01884
TRAIN,Bm,01885
TEST,Bm,01886
TRAIN,Bm,01889
TEST,Bm,01890
TRAIN,Bm,01893
TRAIN,Bm,01896
TRAIN,Bm,01897
TRAIN,Bm,01900
TRAIN,Bm,02038
TRAIN,Bm,02039
TRAIN,Bm,02040
TRAIN,Bm,02041
TRAIN,Bm,02043
TRAIN,Bm,02044
TEST,Bm,02045
TEST,Bm,02047
TRAIN,Bm,02048
TRAIN,Bm,02049
TRAIN,Bm,02051
TRAIN,Bm,02052
TEST,Bm,02056
TEST,Bm,02060
TRAIN,Bm,02064
TEST,Bm,02068
TRAIN,Bm,02072
TEST,Bm,02075
TRAIN,Bm,02078
TRAIN,Bm,02081
TRAIN,Bm,02084
TRAIN,Bm,02087
TRAIN,Bm,02090
TEST,Bm,02093
TRAIN,Bm,02096
TRAIN,Bm,02099
TRAIN,Bm,02102
TRAIN,Bm,02105
TRAIN,Bm,02108
TRAIN,Bm,02207
TRAIN,Bm,02233
TEST,Bm,02234
TRAIN,Bm,02235
TRAIN,Bm,02236
TRAIN,Bm,02237
TRAIN,Bm,02239
TRAIN,Bm,02240
TRAIN,Bm,02244
TEST,Bm,02248
TRAIN,Bm,02252
TRAIN,Bm,02256
TRAIN,Bm,02260
TRAIN,Bm,02264
TRAIN,Bm,02268
TEST,Bm,02272
TRAIN,Bm,02275
TRAIN,Bm,02278
TRAIN,Bm,02281
TRAIN,Bm,02284
TEST,Bm,02287
TRAIN,Bm,02290
TRAIN,Bm,02293
TRAIN,Bm,02296
TRAIN,Bm,02299
TRAIN,Bm,02302
TRAIN,Bm,02305
TRAIN,Bm,02431
TRAIN,Bm,02436
TRAIN,Bm,02440
TRAIN,Bm,02444
TRAIN,Bm,02448
TRAIN,Bm,02452
TRAIN,Bm,02456
TRAIN,Bm,02459
TRAIN,Bm,02462
TRAIN,Bm,02465
TRAIN,Bm,02468
TRAIN,Bm,02471
TRAIN,Bm,02472
TRAIN,Bm,02600
TRAIN,Bm,02601
TRAIN,Bm,02602
TRAIN,Bm,02604
TRAIN,Bm,02605
TRAIN,Bm,02606
TRAIN,Bm,02608
TRAIN,Bm,02609
TRAIN,Bm,02613
TRAIN,Bm,02617
TEST,Bm,02621
TRAIN,Bm,02625
TRAIN,Bm,02629
TRAIN,Bm,02633
TRAIN,Bm,02637
TRAIN,Bm,02640
TEST,Bm,02643
TEST,Bm,02646
TRAIN,Bm,02649
TRAIN,Bm,02652
TEST,Bm,02655
TRAIN,Bm,02658
TEST,Bm,02661
TRAIN,Bm,02664
TRAIN,Bm,02723
TRAIN,Bm,02724
TRAIN,Bm,02725
TEST,Bm,02729
TEST,Bm,02733
TRAIN,Bm,02737
TRAIN,Bm,02741
TRAIN,Bm,02745
TRAIN,Bm,02749
TRAIN,Bm,02752
TRAIN,Bm,02755
TEST,Bm,02758
TRAIN,Bm,02761
TRAIN,Bm,02764
TRAIN,Bm,02767
TRAIN,Bm,02770
TRAIN,Bm,02773
TRAIN,Bm,02776
TEST,Bm,02779
TRAIN,Bm,02892
TRAIN,Bm,02893
TRAIN,Bm,02897
TRAIN,Bm,02901
TRAIN,Bm,02905
TRAIN,Bm,02909
TRAIN,Bm,02913
TRAIN,Bm,02916
TRAIN,Bm,02921
TRAIN,Bm,02922
TRAIN,Bm,02923
TRAIN,Bm,03034
TRAIN,Bm,03035
TRAIN,Bm,03036
TRAIN,Bm,03038
TRAIN,Bm,03039
TRAIN,Bm,03040
TRAIN,Bm,03042
TRAIN,Bm,03043
TRAIN,Bm,03050
TRAIN,Bm,03054
TRAIN,Bm,03058
TEST,Bm,03062
TEST,Bm,03065
TRAIN,Bm,03068
TEST,Bm,03071
TRAIN,Bm,03072
TRAIN,Bm,03075
TEST,Bm,03076
TRAIN,Bm,03079
TRAIN,Bm,03082
TRAIN,Bm,03179
TEST,Bm,03184
TRAIN,Bm,03189
TRAIN,Bm,03192
TRAIN,Bm,03194
TRAIN,Bm,03197
TRAIN,Bm,03200
TRAIN,Bm,03203
TRAIN,Bm,03205
TEST,Bm,03316
TRAIN,Bm,03323
TRAIN,Bm,03327
TRAIN,Bm,03331
TRAIN,Bm,03335
TRAIN,Bm,03339
TRAIN,Bm,03343
TRAIN,Bm,03344
TRAIN,Bm,03353
TRAIN,Bm,03442
TEST,Bm,03443
TRAIN,Bm,03445
TRAIN,Bm,03446
TRAIN,Bm,03447
TRAIN,Bm,03448
TRAIN,Bm,03450
TRAIN,Bm,03451
TRAIN,Bm,03452
TRAIN,Bm,03454
TRAIN,Bm,03455
TRAIN,Bm,03456
TRAIN,Bm,03458
TRAIN,Bm,03459
TRAIN,Bm,03467
TRAIN,Bm,03471
TRAIN,Bm,03475
TRAIN,Bm,03479
TEST,Bm,03482
TRAIN,Bm,03485
TRAIN,Bm,03488
TEST,Bm,03491
TRAIN,Bm,03492
TRAIN,Bm,03493
TRAIN,Bm,03494
TRAIN,Bm,03497
TRAIN,Bm,03498
TEST,Bm,03501
TRAIN,Bm,03504
TRAIN,Bm,03507
TRAIN,Bm,03573
TRAIN,Bm,03574
TRAIN,Bm,03575
TRAIN,Bm,03576
TRAIN,Bm,03577
TEST,Bm,03578
TRAIN,Bm,03580
TEST,Bm,03584
TRAIN,Bm,03588
TEST,Bm,03592
TRAIN,Bm,03596
TRAIN,Bm,03600
TRAIN,Bm,03604
TRAIN,Bm,03605
TRAIN,Bm,03609
TRAIN,Bm,03618
TRAIN,Bm,03619
TEST,Bm,03622
TEST,Bm,03623
TRAIN,Bm,03626
TRAIN,Bm,03627
TRAIN,Bm,03630
TRAIN,Bm,03631
TRAIN,Bm,03634
TRAIN,Bm,03635
TRAIN,Bm,03638
TRAIN,Bm,03639
TRAIN,Bm,03642
TEST,Bm,03643
TRAIN,Bm,03756
TRAIN,Bm,03757
TRAIN,Bm,03763
TRAIN,Bm,03770
TRAIN,Bm,03774
TEST,Bm,03777
TRAIN,Bm,03778
TRAIN,Bm,03779
TRAIN,Bm,03782
TRAIN,Bm,03785
TRAIN,Bm,03788
TRAIN,Bm,03791
TRAIN,Bm,03794
TRAIN,Bm,03797
TRAIN,Bm,03800
TRAIN,Bm,03807
TRAIN,Bm,03902
TRAIN,Bm,03903
TRAIN,Bm,03904
TEST,Bm,03906
TRAIN,Bm,03907
TRAIN,Bm,03908
TEST,Bm,03910
TRAIN,Bm,03911
TRAIN,Bm,03912
TRAIN,Bm,03914
TRAIN,Bm,03918
TEST,Bm,03922
TRAIN,Bm,03926
TRAIN,Bm,03929
TRAIN,Bm,03935
TRAIN,Bm,03936
TRAIN,Bm,03939
TEST,Bm,03940
TRAIN,Bm,03943
TRAIN,Bm,03946
TRAIN,Bm,03949
TEST,Bm,03952
TRAIN,Bm,03955
TRAIN,Bm,04123
TRAIN,Bm,04124
TEST,Bm,04125
TRAIN,Bm,04127
TEST,Bm,04128
TRAIN,Bm,04132
TRAIN,Bm,04136
TRAIN,Bm,04140
TRAIN,Bm,04144
TRAIN,Bm,04148
TRAIN,Bm,04154
TRAIN,Bm,04155
TRAIN,Bm,04158
TEST,Bm,04159
TRAIN,Bm,04162
TRAIN,Bm,04163
TRAIN,Bm,04166
TRAIN,Bm,04249
TEST,Bm,04251
TEST,Bm,04252
TRAIN,Bm,04257
TRAIN,Bm,04259
TRAIN,Bm,04263
TRAIN,Bm,04264
TRAIN,Bm,04265
TRAIN,Bm,04269
TRAIN,Bm,04272
TRAIN,Bm,04273
TRAIN,Bm,04277
TEST,Bm,04278
TRAIN,Bm,04279
TEST,Bm,04376
TEST,Bm,04378
TRAIN,Bm,04379
TEST,Bm,04380
TRAIN,Bm,04381
TEST,Bm,04383
TRAIN,Bm,04384
TEST,Bm,04385
TEST,Bm,04387
TRAIN,Bm,04388
TRAIN,Bm,04389
TRAIN,Bm,04391
TRAIN,Bm,04392
TEST,Bm,04393
TRAIN,Bm,04395
TRAIN,Bm,04399
TRAIN,Bm,04403
TRAIN,Bm,04407
TEST,Bm,04411
TRAIN,Bm,04415
TRAIN,Bm,04419
TRAIN,Bm,04422
TEST,Bm,04423
TRAIN,Bm,04426
TRAIN,Bm,04427
TRAIN,Bm,04430
TRAIN,Bm,04431
TRAIN,Bm,04513
TEST,Bm,04515
TRAIN,Bm,04516
TRAIN,Bm,04517
TRAIN,Bm,04518
TRAIN,Bm,04520
TRAIN,Bm,04521
TRAIN,Bm,04525
TRAIN,Bm,04529
TRAIN,Bm,04533
TRAIN,Bm,04537
TEST,Bm,04541
TEST,Bm,04545
TEST,Bm,04548
TEST,Bm,04551
TEST,Bm,04552
TRAIN,Bm,04555
TRAIN,Bm,04558
TEST,Bm,04561
TEST,Bm,04564
TRAIN,Bm,04667
TRAIN,Bm,04668
TEST,Bm,04669
TRAIN,Bm,04671
TEST,Bm,04672
TEST,Bm,04676
TRAIN,Bm,04680
TRAIN,Bm,04684
TRAIN,Bm,04688
TRAIN,Bm,04692
TEST,Bm,04696
TEST,Bm,04700
TRAIN,Bm,04701
TRAIN,Bm,04702
TRAIN,Bm,04705
TRAIN,Bm,04706
TRAIN,Bm,04707
TEST,Bm,04709
TRAIN,Bm,04711
TRAIN,Bm,04712
TRAIN,Bm,04713
TRAIN,Bm,04769
TRAIN,Bm,04770
TRAIN,Bm,04772
TRAIN,Bm,04773
TRAIN,Bm,04775
TRAIN,Bm,04776
TRAIN,Bm,04777
TRAIN,Bm,04781
TRAIN,Bm,04785
TEST,Bm,04789
TRAIN,Bm,04793
TRAIN,Bm,04797
TRAIN,Bm,04801
TRAIN,Bm,04805
TRAIN,Bm,04806
TRAIN,Bm,04809
TRAIN,Bm,04812
TRAIN,Bm,04813
TRAIN,Bm,04925
TRAIN,Bm,04926
TEST,Bm,04927
TRAIN,Bm,04928
TRAIN,Bm,04930
TEST,Bm,04931
TRAIN,Bm,04935
TRAIN,Bm,04939
TRAIN,Bm,04943
TEST,Bm,04947
TRAIN,Bm,04951
TRAIN,Bm,04958
TRAIN,Bm,04959
TRAIN,Bm,04960
TRAIN,Bm,04963
TRAIN,Bm,04968
TRAIN,Bm,05071
TRAIN,Bm,05072
TEST,Bm,05073
TRAIN,Bm,05075
TRAIN,Bm,05076
TRAIN,Bm,05080
TRAIN,Bm,05084
TRAIN,Bm,05088
TRAIN,Bm,05092
TRAIN,Bm,05096
TRAIN,Bm,05100
TRAIN,Bm,05104
TRAIN,Bm,05110
TEST,Bm,05113
TRAIN,Bm,05116
TRAIN,Bm,05117
TRAIN,Bm,05201
TRAIN,Bm,05203
TRAIN,Bm,05204
TRAIN,Bm,05208
TRAIN,Bm,05215
TEST,Bm,05217
TRAIN,Bm,05220
TRAIN,Bm,05228
TRAIN,Bm,05229
TRAIN,Bm,05319
TRAIN,Bm,05324
TRAIN,Bm,05325
TRAIN,Bm,05328
TEST,Bm,05331
TRAIN,Bm,05332
TEST,Bm,05333
TEST,Bm,05335
TRAIN,Bm,05338
TRAIN,Bm,05339
TRAIN,Bm,05343
TRAIN,Bm,05347
TRAIN,Bm,05351
TRAIN,Bm,05355
TRAIN,Bm,05359
TRAIN,Bm,05363
TRAIN,Bm,05366
TRAIN,Bm,05369
TEST,Bm,05370
TRAIN,Bm,05453
TRAIN,Bm,05454
TRAIN,Bm,05455
TEST,Bm,05456
TRAIN,Bm,05457
TRAIN,Bm,05467
TEST,Bu,00002
TRAIN,Bu,00010
TRAIN,Bu,00014
TRAIN,Bu,00018
TRAIN,Bu,00022
TRAIN,Bu,00025
TRAIN,Bu,00028
TRAIN,Bu,00117
TEST,Bu,00131
TRAIN,Bu,00143
TEST,Bu,00147
TRAIN,Bu,00150
TRAIN,Bu,00154
TRAIN,Bu,00238
TRAIN,Bu,00246
TRAIN,Bu,00250
TEST,Bu,00254
TRAIN,Bu,00258
TRAIN,Bu,00262
TRAIN,Bu,00266
TRAIN,Bu,00270
TRAIN,Bu,00271
TRAIN,Bu,00277
TEST,Bu,00281
TEST,Bu,00284
TRAIN,Bu,00287
TRAIN,Bu,00290
TRAIN,Bu,00293
TEST,Bu,00296
TRAIN,Bu,00299
TRAIN,Bu,00302
TRAIN,Bu,00473
TRAIN,Bu,00481
TEST,Bu,00485
TRAIN,Bu,00489
TRAIN,Bu,00493
TRAIN,Bu,00497
TRAIN,Bu,00505
TRAIN,Bu,01149
TRAIN,Bu,01325
TRAIN,Bu,01328
TRAIN,Bu,01506
TEST,Bu,01869
TRAIN,C,00001
TRAIN,C,00005
TRAIN,C,00009
TRAIN,C,00013
TRAIN,C,00017
TEST,C,00021
TRAIN,C,00024
TRAIN,C,00027
TRAIN,C,00030
TRAIN,C,00036
TRAIN,C,00042
TRAIN,C,00126
TRAIN,C,00130
TRAIN,C,00134
TRAIN,C,00138
TRAIN,C,00142
TEST,C,00146
TRAIN,C,00149
TEST,C,00153
TRAIN,C,00156
TEST,C,00162
TRAIN,C,00168
TRAIN,C,00241
TRAIN,C,00245
TEST,C,00249
TEST,C,00253
TRAIN,C,00257
TRAIN,C,00261
TRAIN,C,00265
TRAIN,C,00269
TRAIN,C,00273
TRAIN,C,00276
TRAIN,C,00280
TRAIN,C,00283
TRAIN,C,00286
TRAIN,C,00289
TRAIN,C,00292
TRAIN,C,00295
TEST,C,00298
TEST,C,00301
TRAIN,C,00304
TEST,C,00311
TEST,C,00318
TEST,C,00325
TRAIN,C,00332
TRAIN,C,00472
TEST,C,00476
TEST,C,00480
TRAIN,C,00484
TRAIN,C,00488
TRAIN,C,00492
TRAIN,C,00496
TRAIN,C,00500
TRAIN,C,00504
TRAIN,C,00507
TRAIN,C,00510
TRAIN,C,00513
TRAIN,C,00517
TRAIN,C,00521
TRAIN,C,00524
TRAIN,C,00528
TEST,C,00531
TRAIN,C,00536
TEST,C,00541
TEST,C,00546
TRAIN,C,00550
TEST,C,00556
TRAIN,C,00559
TRAIN,C,00562
TRAIN,C,00568
TRAIN,C,00574
TEST,C,00580
TRAIN,C,00711
TRAIN,C,00715
TEST,C,00719
TRAIN,C,00723
TRAIN,C,00727
TEST,C,00731
TRAIN,C,00735
TRAIN,C,00739
TRAIN,C,00743
TEST,C,00747
TRAIN,C,00751
TRAIN,C,00754
TRAIN,C,00757
TRAIN,C,00760
TRAIN,C,00763
TRAIN,C,00766
TEST,C,00769
TRAIN,C,00772
TRAIN,C,00775
TRAIN,C,00780
TRAIN,C,00788
TRAIN,C,00795
TRAIN,C,00802
TRAIN,C,00809
TRAIN,C,00816
TRAIN,C,00913
TEST,C,00917
TEST,C,00921
TRAIN,C,00924
TRAIN,C,00930
TRAIN,C,00933
TRAIN,C,00936
TRAIN,C,00940
TRAIN,C,00943
TRAIN,C,00946
TRAIN,C,00951
TRAIN,C,00955
TRAIN,C,00961
TRAIN,C,01113
TEST,C,01117
TEST,C,01121
TEST,C,01125
TRAIN,C,01129
TRAIN,C,01133
TRAIN,C,01136
TEST,C,01139
TEST,C,01142
TRAIN,C,01145
TRAIN,C,01148
TEST,C,01151
TRAIN,C,01154
TRAIN,C,01160
TRAIN,C,01167
TRAIN,C,01173
TRAIN,C,01179
TRAIN,C,01185
TRAIN,C,01192
TRAIN,C,01199
TRAIN,C,01206
TRAIN,C,01298
TEST,C,01302
TRAIN,C,01306
TRAIN,C,01310
TEST,C,01314
TEST,C,01318
TRAIN,C,01321
TRAIN,C,01324
TEST,C,01327
TRAIN,C,01330
TEST,C,01334
TRAIN,C,01337
TRAIN,C,01340
TRAIN,C,01343
TRAIN,C,01346
TRAIN,C,01349
TRAIN,C,01352
TEST,C,01355
TRAIN,C,01358
TRAIN,C,01364
TRAIN,C,01367
TEST,C,01373
TRAIN,C,01386
TEST,C,01494
TRAIN,C,01498
TRAIN,C,01502
TRAIN,C,01505
TRAIN,C,01508
TEST,C,01511
TRAIN,C,01514
TEST,C,01517
TRAIN,C,01520
TRAIN,C,01523
TRAIN,C,01526
TRAIN,C,01529
TRAIN,C,01532
TRAIN,C,01535
TEST,C,01538
TRAIN,C,01541
TEST,C,01547
TRAIN,C,01554
TEST,C,01561
TRAIN,C,01682
TRAIN,C,01686
TRAIN,C,01690
TEST,C,01693
TRAIN,C,01697
TRAIN,C,01700
TRAIN,C,01703
TRAIN,C,01706
TRAIN,C,01710
TRAIN,C,01713
TRAIN,C,01716
TEST,C,01719
TRAIN,C,01722
TRAIN,C,01728
TRAIN,C,01735
TEST,C,01741
TRAIN,C,01748
TRAIN,C,01860
TRAIN,C,01864
TRAIN,C,01868
TRAIN,C,01872
TRAIN,C,01875
TRAIN,C,01878
TRAIN,C,01883
TRAIN,C,01888
TRAIN,C,01892
TRAIN,C,01895
TEST,C,01899
TRAIN,C,01902
TRAIN,C,01909
TRAIN,C,01915
TRAIN,C,01921
TRAIN,C,01927
TRAIN,C,01933
TRAIN,C,02059
TRAIN,C,02063
TRAIN,C,02067
TEST,C,02071
TRAIN,C,02074
TRAIN,C,02077
TRAIN,C,02080
TRAIN,C,02083
TEST,C,02086
TRAIN,C,02089
TEST,C,02092
TEST,C,02095
TRAIN,C,02098
TEST,C,02101
TRAIN,C,02104
TRAIN,C,02107
TRAIN,C,02110
TRAIN,C,02117
TRAIN,C,02123
TRAIN,C,02129
TRAIN,C,02247
TRAIN,C,02251
TRAIN,C,02255
TRAIN,C,02259
TRAIN,C,02263
TRAIN,C,02267
TRAIN,C,02271
TRAIN,C,02274
TRAIN,C,02277
TRAIN,C,02280
TEST,C,02283
TRAIN,C,02286
TRAIN,C,02289
TRAIN,C,02292
TRAIN,C,02295
TRAIN,C,02298
TRAIN,C,02301
TEST,C,02304
TRAIN,C,02307
TRAIN,C,02313
TRAIN,C,02319
TRAIN,C,02443
TRAIN,C,02447
TRAIN,C,02451
TRAIN,C,02455
TRAIN,C,02458
TRAIN,C,02461
TRAIN,C,02464
TEST,C,02467
TEST,C,02470
TEST,C,02474
TRAIN,C,02480
TRAIN,C,02487
TRAIN,C,02493
TRAIN,C,02616
TRAIN,C,02620
TRAIN,C,02624
TRAIN,C,02628
TRAIN,C,02632
TRAIN,C,02636
TRAIN,C,02639
TRAIN,C,02642
TEST,C,02645
TRAIN,C,02648
TRAIN,C,02651
TEST,C,02654
TRAIN,C,02657
TRAIN,C,02660
TRAIN,C,02663
TRAIN,C,02666
TRAIN,C,02672
TRAIN,C,02679
TRAIN,C,02685
TEST,C,02728
TEST,C,02732
TRAIN,C,02736
TRAIN,C,02740
TRAIN,C,02744
TEST,C,02748
TRAIN,C,02751
TRAIN,C,02754
TEST,C,02757
TRAIN,C,02760
TEST,C,02763
TRAIN,C,02766
TRAIN,C,02769
TRAIN,C,02772
TRAIN,C,02775
TRAIN,C,02778
TRAIN,C,02781
TEST,C,02786
TRAIN,C,02896
TRAIN,C,02900
TRAIN,C,02904
TRAIN,C,02908
TRAIN,C,02912
TRAIN,C,02915
TRAIN,C,02920
TEST,C,02925
TRAIN,C,02933
TRAIN,C,02939
TRAIN,C,03046
TRAIN,C,03049
TRAIN,C,03053
TRAIN,C,03057
TRAIN,C,03061
TRAIN,C,03064
TRAIN,C,03067
TRAIN,C,03070
TRAIN,C,03074
TRAIN,C,03078
TRAIN,C,03081
TRAIN,C,03084
TRAIN,C,03092
TRAIN,C,03098
TRAIN,C,03175
TEST,C,03186
TRAIN,C,03188
TRAIN,C,03191
TRAIN,C,03196
TRAIN,C,03199
TRAIN,C,03202
TRAIN,C,03204
TRAIN,C,03207
TEST,C,03213
TEST,C,03220
TRAIN,C,03227
TRAIN,C,03234
TRAIN,C,03326
TRAIN,C,03330
TEST,C,03334
TRAIN,C,03338
TRAIN,C,03342
TRAIN,C,03346
TRAIN,C,03348
TRAIN,C,03350
TEST,C,03355
TRAIN,C,03369
TEST,C,03462
TRAIN,C,03466
TRAIN,C,03470
TRAIN,C,03474
TRAIN,C,03478
TEST,C,03481
TRAIN,C,03484
TEST,C,03487
TRAIN,C,03490
TRAIN,C,03496
TRAIN,C,03500
TEST,C,03503
TRAIN,C,03506
TRAIN,C,03509
TEST,C,03510
TRAIN,C,03515
TRAIN,C,03524
TEST,C,03579
TRAIN,C,03583
TRAIN,C,03587
TRAIN,C,03591
TEST,C,03595
TRAIN,C,03599
TRAIN,C,03603
TRAIN,C,03607
TEST,C,03611
TRAIN,C,03614
TRAIN,C,03617
TRAIN,C,03621
TRAIN,C,03625
TRAIN,C,03633
TRAIN,C,03637
TRAIN,C,03641
TRAIN,C,03645
TRAIN,C,03646
TRAIN,C,03647
TRAIN,C,03648
TRAIN,C,03650
TRAIN,C,03769
TRAIN,C,03773
TRAIN,C,03776
TRAIN,C,03781
TRAIN,C,03784
TEST,C,03787
TRAIN,C,03790
TRAIN,C,03793
TRAIN,C,03796
TRAIN,C,03799
TRAIN,C,03802
TRAIN,C,03804
TRAIN,C,03806
TRAIN,C,03809
TRAIN,C,03810
TEST,C,03811
TEST,C,03814
TRAIN,C,03917
TEST,C,03921
TRAIN,C,03925
TEST,C,03928
TEST,C,03931
TRAIN,C,03938
TEST,C,03942
TRAIN,C,03945
TRAIN,C,03948
TRAIN,C,03951
TRAIN,C,03954
TRAIN,C,03957
TEST,C,03958
TRAIN,C,03963
TRAIN,C,03969
TRAIN,C,03976
TRAIN,C,03982
TRAIN,C,03988
TRAIN,C,03994
TRAIN,C,04001
TEST,C,04008
TRAIN,C,04135
TEST,C,04139
TRAIN,C,04143
TRAIN,C,04147
TEST,C,04150
TRAIN,C,04153
TRAIN,C,04157
TRAIN,C,04161
TRAIN,C,04165
TRAIN,C,04168
TRAIN,C,04173
TEST,C,04262
TRAIN,C,04268
TRAIN,C,04271
TRAIN,C,04276
TRAIN,C,04281
TRAIN,C,04282
TRAIN,C,04283
TRAIN,C,04284
TRAIN,C,04286
TRAIN,C,04287
TEST,C,04288
TEST,C,04289
TRAIN,C,04402
TEST,C,04406
TRAIN,C,04410
TRAIN,C,04414
TRAIN,C,04418
TRAIN,C,04421
TRAIN,C,04425
TRAIN,C,04429
TRAIN,C,04433
TRAIN,C,04440
TRAIN,C,04446
TRAIN,C,04452
TRAIN,C,04524
TRAIN,C,04528
TEST,C,04532
TRAIN,C,04536
TRAIN,C,04540
TRAIN,C,04544
TRAIN,C,04547
TEST,C,04550
TRAIN,C,04554
TRAIN,C,04557
TRAIN,C,04560
TRAIN,C,04563
TRAIN,C,04566
TRAIN,C,04567
TRAIN,C,04568
TRAIN,C,04569
TRAIN,C,04679
TEST,C,04683
TRAIN,C,04687
TRAIN,C,04691
TRAIN,C,04695
TRAIN,C,04699
TRAIN,C,04704
TRAIN,C,04710
TRAIN,C,04715
TRAIN,C,04721
TEST,C,04728
TRAIN,C,04735
TRAIN,C,04742
TRAIN,C,04748
TRAIN,C,04784
TEST,C,04788
TRAIN,C,04792
TEST,C,04796
TRAIN,C,04800
TRAIN,C,04804
TRAIN,C,04808
TRAIN,C,04811
TRAIN,C,04815
TRAIN,C,04821
TRAIN,C,04834
TRAIN,C,04841
TEST,C,04848
TRAIN,C,04855
TRAIN,C,04866
TRAIN,C,04869
TEST,C,04942
TRAIN,C,04946
TRAIN,C,04950
TRAIN,C,04954
TRAIN,C,04957
TEST,C,04962
TRAIN,C,04965
TRAIN,C,04967
TRAIN,C,04970
TRAIN,C,04972
TRAIN,C,04974
TEST,C,04980
TEST,C,04986
TEST,C,04992
TRAIN,C,05083
TRAIN,C,05087
TRAIN,C,05091
TRAIN,C,05095
TRAIN,C,05099
TRAIN,C,05103
TRAIN,C,05106
TEST,C,05109
TRAIN,C,05112
TRAIN,C,05115
TRAIN,C,05119
TRAIN,C,05125
TRAIN,C,05131
TRAIN,C,05138
TRAIN,C,05145
TRAIN,C,05222
TRAIN,C,05227
TRAIN,C,05231
TRAIN,C,05232
TRAIN,C,05238
TRAIN,C,05245
TEST,C,05252
TEST,C,05342
TRAIN,C,05350
TEST,C,05354
TRAIN,C,05358
TRAIN,C,05362
TRAIN,C,05365
TRAIN,C,05368
TRAIN,C,05372
TRAIN,C,05379
TRAIN,C,05387
TRAIN,C,05394
TRAIN,C,05402
TRAIN,C1,00237
TRAIN,C1,00468
TRAIN,C1,00707
TRAIN,C1,00909
TEST,C1,01490
TRAIN,C1,01856
TEST,C1,02055
TRAIN,C1,02243
TRAIN,C1,04131
TRAIN,C1,04255
TEST,C1,04258
TRAIN,C1,04398
TRAIN,C1,04675
TRAIN,C1,04780
TRAIN,C1,05079
TEST,C1,05346
TRAIN,D,00023
TEST,D,00026
TRAIN,D,00029
TRAIN,D,00148
TRAIN,D,00152
TEST,D,00155
TRAIN,D,00268
TRAIN,D,00272
TRAIN,D,00275
TRAIN,D,00279
TEST,D,00282
TRAIN,D,00285
TRAIN,D,00288
TEST,D,00291
TRAIN,D,00294
TRAIN,D,00297
TRAIN,D,00300
TEST,D,00303
TRAIN,D,00527
TRAIN,D,00530
TRAIN,D,00535
TEST,D,00540
TRAIN,D,00545
TRAIN,D,00549
TRAIN,D,00555
TRAIN,D,00558
TRAIN,D,00561
TRAIN,D,00762
TRAIN,D,00765
TRAIN,D,00768
TRAIN,D,00771
TRAIN,D,00774
TRAIN,D,00923
TRAIN,D,00926
TRAIN,D,00929
TRAIN,D,00932
TRAIN,D,00935
TRAIN,D,00939
TEST,D,00942
TRAIN,D,00945
TEST,D,01141
TRAIN,D,01144
TEST,D,01147
TRAIN,D,01150
TRAIN,D,01153
TRAIN,D,01323
TRAIN,D,01326
TEST,D,01329
TRAIN,D,01333
TRAIN,D,01336
TRAIN,D,01360
TEST,D,01363
TRAIN,D,01366
TRAIN,D,01513
TEST,D,01516
TEST,D,01519
TRAIN,D,01522
TRAIN,D,01525
TRAIN,D,01528
TEST,D,01531
TEST,D,01534
TEST,D,01537
TRAIN,D,01540
TRAIN,D,01718
TRAIN,D,01721
TEST,D,01877
TRAIN,D,01882
TRAIN,D,01887
TRAIN,D,01891
TRAIN,D,01894
TRAIN,D,01898
TRAIN,D,01901
TRAIN,D,02079
TRAIN,D,02082
TRAIN,D,02085
TRAIN,D,02088
TRAIN,D,02091
TRAIN,D,02094
TRAIN,D,02097
TEST,D,02100
TEST,D,02103
TRAIN,D,02106
TRAIN,D,02109
TRAIN,D,02279
TEST,D,02282
TRAIN,D,02285
TRAIN,D,02288
TEST,D,02291
TEST,D,02294
TRAIN,D,02297
TEST,D,02300
TRAIN,D,02303
TEST,D,02306
TRAIN,D,02460
TRAIN,D,02463
TEST,D,02473
TRAIN,D,02641
TRAIN,D,02644
TRAIN,D,02647
TRAIN,D,02759
TRAIN,D,02762
TRAIN,D,02765
TRAIN,D,02768
TRAIN,D,02771
TEST,D,02774
TRAIN,D,02777
TRAIN,D,02780
TRAIN,D,02917
TRAIN,D,02919
TRAIN,D,02924
TRAIN,D,02926
TRAIN,D,03066
TRAIN,D,03069
TRAIN,D,03073
TRAIN,D,03345
TRAIN,D,03347
TEST,D,03349
TRAIN,D,03351
TEST,D,03486
TEST,D,03489
TRAIN,D,03606
TRAIN,D,03610
TRAIN,D,03613
TRAIN,D,03616
TRAIN,D,03620
TRAIN,D,03624
TRAIN,D,03628
TRAIN,D,03632
TRAIN,D,03636
TEST,D,03640
TRAIN,D,03644
TRAIN,D,03775
TRAIN,D,03780
TRAIN,D,03783
TRAIN,D,03786
TRAIN,D,03789
TRAIN,D,03792
TRAIN,D,03795
TRAIN,D,03798
TEST,D,03801
TRAIN,D,03803
TRAIN,D,03805
TRAIN,D,03808
TRAIN,D,03933
TRAIN,D,03937
TEST,D,03941
TRAIN,D,03944
TRAIN,D,04152
TEST,D,04156
TEST,D,04160
TRAIN,D,04164
TRAIN,D,04167
TRAIN,D,04274
TRAIN,D,04280
TRAIN,D,04285
TRAIN,D,04293
TEST,D,04299
TRAIN,D,04302
TRAIN,D,04424
TRAIN,D,04428
TRAIN,D,04432
TRAIN,D,04703
TRAIN,D,04708
TRAIN,D,04714
TRAIN,D,04807
TRAIN,D,04810
TRAIN,D,04814
TRAIN,D,04827
TRAIN,D,05108
TRAIN,D,05111
TRAIN,D,05114
TRAIN,D,05118
TRAIN,D,05364
TRAIN,D,05367
TRAIN,D,05371
TRAIN,E,00031
TEST,E,00032
TRAIN,E,00033
TRAIN,E,00034
TRAIN,E,00037
TRAIN,E,00038
TEST,E,00039
TEST,E,00040
TRAIN,E,00043
TEST,E,00044
TEST,E,00045
TRAIN,E,00046
TRAIN,E,00157
TRAIN,E,00158
TRAIN,E,00159
TRAIN,E,00160
TRAIN,E,00163
TRAIN,E,00164
TRAIN,E,00165
TRAIN,E,00166
TRAIN,E,00169
TRAIN,E,00170
TRAIN,E,00171
TEST,E,00305
TRAIN,E,00306
TRAIN,E,00307
TRAIN,E,00308
TRAIN,E,00309
TRAIN,E,00312
TEST,E,00313
TEST,E,00314
TRAIN,E,00315
TEST,E,00316
TRAIN,E,00319
TRAIN,E,00320
TEST,E,00321
TRAIN,E,00322
TRAIN,E,00323
TRAIN,E,00326
TRAIN,E,00327
TRAIN,E,00328
TRAIN,E,00329
TRAIN,E,00330
TEST,E,00333
TRAIN,E,00334
TRAIN,E,00335
TRAIN,E,00336
TEST,E,00563
TEST,E,00564
TRAIN,E,00565
TRAIN,E,00566
TRAIN,E,00569
TRAIN,E,00570
TRAIN,E,00571
TRAIN,E,00572
TRAIN,E,00575
TRAIN,E,00576
TRAIN,E,00577
TRAIN,E,00578
TEST,E,00581
TRAIN,E,00582
TRAIN,E,00583
TRAIN,E,00776
TRAIN,E,00777
TRAIN,E,00778
TRAIN,E,00781
TRAIN,E,00782
TRAIN,E,00783
TEST,E,00784
TEST,E,00785
TRAIN,E,00786
TEST,E,00789
TRAIN,E,00790
TRAIN,E,00791
TRAIN,E,00792
TEST,E,00793
TRAIN,E,00796
TRAIN,E,00797
TRAIN,E,00798
TRAIN,E,00799
TRAIN,E,00800
TRAIN,E,00803
TRAIN,E,00804
TRAIN,E,00805
TRAIN,E,00806
TRAIN,E,00807
TRAIN,E,00810
TRAIN,E,00811
TEST,E,00812
TRAIN,E,00813
TRAIN,E,00814
TRAIN,E,00817
TEST,E,00818
TRAIN,E,00819
TRAIN,E,00820
TRAIN,E,00821
TRAIN,E,00824
TRAIN,E,00825
TRAIN,E,00826
TEST,E,00827
TRAIN,E,00828
TRAIN,E,00830
TRAIN,E,00831
TEST,E,00832
TRAIN,E,00833
TRAIN,E,00956
TRAIN,E,00957
TRAIN,E,00958
TRAIN,E,00959
TRAIN,E,00962
TEST,E,00963
TEST,E,00964
TRAIN,E,00965
TRAIN,E,00967
TRAIN,E,00968
TRAIN,E,00969
TRAIN,E,00970
TRAIN,E,00971
TRAIN,E,00974
TRAIN,E,00975
TRAIN,E,00976
TRAIN,E,00979
TRAIN,E,00980
TRAIN,E,00981
TRAIN,E,00984
TRAIN,E,00985
TRAIN,E,00986
TRAIN,E,00989
TEST,E,00990
TRAIN,E,00991
TEST,E,00992
TRAIN,E,00995
TRAIN,E,00996
TRAIN,E,00997
TRAIN,E,00998
TEST,E,01001
TRAIN,E,01002
TEST,E,01003
TRAIN,E,01004
TRAIN,E,01007
TRAIN,E,01008
TRAIN,E,01009
TRAIN,E,01012
TRAIN,E,01013
TRAIN,E,01014
TRAIN,E,01015
TEST,E,01018
TRAIN,E,01019
TRAIN,E,01020
TRAIN,E,01021
TRAIN,E,01024
TRAIN,E,01025
TRAIN,E,01026
TRAIN,E,01155
TRAIN,E,01156
TRAIN,E,01157
TRAIN,E,01158
TEST,E,01161
TRAIN,E,01162
TRAIN,E,01163
TRAIN,E,01164
TRAIN,E,01165
TRAIN,E,01168
TRAIN,E,01169
TRAIN,E,01170
TRAIN,E,01171
TRAIN,E,01174
TEST,E,01175
TRAIN,E,01176
TEST,E,01177
TRAIN,E,01180
TEST,E,01181
TEST,E,01182
TRAIN,E,01183
TRAIN,E,01186
TRAIN,E,01187
TRAIN,E,01188
TRAIN,E,01189
TRAIN,E,01190
TRAIN,E,01193
TEST,E,01194
TRAIN,E,01195
TRAIN,E,01196
TRAIN,E,01197
TRAIN,E,01200
TRAIN,E,01201
TRAIN,E,01202
TEST,E,01203
TRAIN,E,01204
TRAIN,E,01368
TRAIN,E,01369
TEST,E,01370
TRAIN,E,01371
TRAIN,E,01374
TEST,E,01375
TRAIN,E,01376
TRAIN,E,01378
TRAIN,E,01379
TRAIN,E,01380
TRAIN,E,01381
TRAIN,E,01382
TRAIN,E,01383
TRAIN,E,01384
TRAIN,E,01387
TRAIN,E,01388
TRAIN,E,01389
TEST,E,01390
TRAIN,E,01392
TRAIN,E,01393
TRAIN,E,01394
TRAIN,E,01395
TRAIN,E,01396
TRAIN,E,01398
TRAIN,E,01399
TRAIN,E,01400
TRAIN,E,01401
TRAIN,E,01402
TRAIN,E,01403
TRAIN,E,01542
TRAIN,E,01543
TRAIN,E,01544
TEST,E,01545
TRAIN,E,01548
TRAIN,E,01549
TRAIN,E,01550
TRAIN,E,01551
TEST,E,01552
TRAIN,E,01555
TRAIN,E,01556
TRAIN,E,01557
TRAIN,E,01558
TRAIN,E,01559
TRAIN,E,01562
TRAIN,E,01563
TRAIN,E,01564
TEST,E,01565
TRAIN,E,01567
TRAIN,E,01568
TEST,E,01569
TRAIN,E,01570
TRAIN,E,01573
TRAIN,E,01574
TRAIN,E,01575
TRAIN,E,01578
TRAIN,E,01579
TRAIN,E,01580
TRAIN,E,01583
TRAIN,E,01584
TRAIN,E,01585
TRAIN,E,01586
TRAIN,E,01589
TRAIN,E,01590
TEST,E,01591
TRAIN,E,01723
TEST,E,01724
TEST,E,01725
TRAIN,E,01726
TRAIN,E,01729
TRAIN,E,01730
TRAIN,E,01731
TRAIN,E,01732
TRAIN,E,01733
TRAIN,E,01736
TRAIN,E,01737
TRAIN,E,01738
TRAIN,E,01739
TRAIN,E,01742
TRAIN,E,01743
TRAIN,E,01744
TRAIN,E,01745
TEST,E,01746
TRAIN,E,01749
TRAIN,E,01750
TRAIN,E,01751
TEST,E,01752
TRAIN,E,01753
TRAIN,E,01903
TRAIN,E,01904
TRAIN,E,01905
TRAIN,E,01906
TRAIN,E,01907
TRAIN,E,01910
TRAIN,E,01911
TEST,E,01912
TRAIN,E,01913
TRAIN,E,01916
TRAIN,E,01917
TRAIN,E,01918
TRAIN,E,01919
TRAIN,E,01922
TRAIN,E,01923
TRAIN,E,01924
TEST,E,01925
TRAIN,E,01928
TRAIN,E,01929
TRAIN,E,01930
TRAIN,E,01931
TEST,E,01934
TRAIN,E,01935
TRAIN,E,01936
TEST,E,01937
TRAIN,E,01938
TRAIN,E,02111
TRAIN,E,02112
TEST,E,02113
TRAIN,E,02114
TRAIN,E,02115
TRAIN,E,02118
TRAIN,E,02119
TRAIN,E,02120
TRAIN,E,02121
TRAIN,E,02124
TRAIN,E,02125
TRAIN,E,02126
TRAIN,E,02127
TRAIN,E,02130
TRAIN,E,02131
TEST,E,02132
TRAIN,E,02133
TRAIN,E,02308
TRAIN,E,02309
TRAIN,E,02310
TRAIN,E,02311
TRAIN,E,02314
TRAIN,E,02315
TRAIN,E,02316
TEST,E,02317
TRAIN,E,02320
TRAIN,E,02321
TRAIN,E,02322
TRAIN,E,02323
TRAIN,E,02324
TRAIN,E,02326
TRAIN,E,02327
TRAIN,E,02328
TEST,E,02329
TRAIN,E,02330
TEST,E,02331
TRAIN,E,02333
TRAIN,E,02334
TRAIN,E,02335
TEST,E,02336
TEST,E,02337
TRAIN,E,02338
TRAIN,E,02340
TRAIN,E,02341
TEST,E,02342
TRAIN,E,02343
TRAIN,E,02344
TEST,E,02475
TEST,E,02476
TRAIN,E,02477
TRAIN,E,02478
TRAIN,E,02481
TRAIN,E,02482
TRAIN,E,02483
TRAIN,E,02484
TRAIN,E,02485
TRAIN,E,02488
TRAIN,E,02489
TRAIN,E,02490
TRAIN,E,02491
TEST,E,02494
TRAIN,E,02495
TRAIN,E,02496
TRAIN,E,02497
TRAIN,E,02498
TEST,E,02667
TRAIN,E,02668
TRAIN,E,02669
TEST,E,02670
TRAIN,E,02673
TRAIN,E,02674
TRAIN,E,02675
TRAIN,E,02676
TRAIN,E,02677
TRAIN,E,02680
TRAIN,E,02681
TRAIN,E,02682
TRAIN,E,02683
TRAIN,E,02686
TRAIN,E,02687
TRAIN,E,02688
TRAIN,E,02689
TRAIN,E,02782
TEST,E,02783
TRAIN,E,02784
TRAIN,E,02787
TEST,E,02788
TEST,E,02789
TRAIN,E,02928
TEST,E,02929
TEST,E,02930
TRAIN,E,02931
TEST,E,02934
TRAIN,E,02935
TRAIN,E,02936
TRAIN,E,02937
TRAIN,E,02940
TRAIN,E,02941
TRAIN,E,02942
TRAIN,E,02943
TRAIN,E,02944
TRAIN,E,03085
TRAIN,E,03086
TEST,E,03087
TEST,E,03088
TRAIN,E,03089
TRAIN,E,03090
TEST,E,03093
TRAIN,E,03094
TRAIN,E,03095
TEST,E,03096
TEST,E,03099
TEST,E,03100
TRAIN,E,03101
TRAIN,E,03102
TRAIN,E,03208
TRAIN,E,03209
TRAIN,E,03210
TRAIN,E,03211
TRAIN,E,03214
TRAIN,E,03215
TEST,E,03216
TRAIN,E,03217
TRAIN,E,03218
TEST,E,03221
TRAIN,E,03222
TRAIN,E,03223
TEST,E,03224
TRAIN,E,03225
TRAIN,E,03228
TRAIN,E,03229
TRAIN,E,03230
TRAIN,E,03231
TRAIN,E,03232
TRAIN,E,03235
TRAIN,E,03236
TRAIN,E,03237
TRAIN,E,03238
TRAIN,E,03239
TRAIN,E,03356
TRAIN,E,03357
TEST,E,03358
TRAIN,E,03359
TEST,E,03360
TRAIN,E,03362
TRAIN,E,03363
TRAIN,E,03364
TRAIN,E,03365
TRAIN,E,03366
TRAIN,E,03367
TRAIN,E,03370
TRAIN,E,03371
TRAIN,E,03372
TRAIN,E,03373
TEST,E,03375
TEST,E,03376
TRAIN,E,03377
TEST,E,03378
TRAIN,E,03379
TRAIN,E,03511
TRAIN,E,03512
TRAIN,E,03513
TRAIN,E,03516
TRAIN,E,03517
TRAIN,E,03518
TRAIN,E,03519
TRAIN,E,03651
TEST,E,03652
TRAIN,E,03662
TRAIN,E,03663
TRAIN,E,03664
TRAIN,E,03667
TRAIN,E,03668
TRAIN,E,03669
TEST,E,03672
TRAIN,E,03673
TRAIN,E,03674
TRAIN,E,03677
TRAIN,E,03678
TRAIN,E,03679
TRAIN,E,03680
TRAIN,E,03683
TRAIN,E,03684
TRAIN,E,03685
TEST,E,03812
TRAIN,E,03815
TRAIN,E,03816
TRAIN,E,03817
TRAIN,E,03959
TRAIN,E,03960
TRAIN,E,03961
TEST,E,03964
TRAIN,E,03965
TEST,E,03966
TEST,E,03967
TRAIN,E,03970
TRAIN,E,03971
TRAIN,E,03972
TRAIN,E,03973
TEST,E,03974
TRAIN,E,03977
TRAIN,E,03978
TRAIN,E,03979
TEST,E,03980
TEST,E,03983
TRAIN,E,03984
TEST,E,03985
TRAIN,E,03986
TEST,E,03989
TRAIN,E,03990
TRAIN,E,03991
TRAIN,E,03992
TRAIN,E,03995
TRAIN,E,03996
TEST,E,03997
TRAIN,E,03998
TRAIN,E,03999
TEST,E,04002
TEST,E,04003
TRAIN,E,04004
TEST,E,04005
TRAIN,E,04006
TRAIN,E,04009
TEST,E,04010
TRAIN,E,04011
TRAIN,E,04012
TRAIN,E,04169
TRAIN,E,04170
TRAIN,E,04171
TRAIN,E,04174
TRAIN,E,04175
TRAIN,E,04176
TRAIN,E,04177
TRAIN,E,04304
TEST,E,04305
TRAIN,E,04308
TRAIN,E,04309
TEST,E,04310
TEST,E,04313
TRAIN,E,04314
TEST,E,04315
TRAIN,E,04318
TEST,E,04319
TRAIN,E,04320
TEST,E,04434
TRAIN,E,04435
TRAIN,E,04436
TRAIN,E,04437
TRAIN,E,04438
TRAIN,E,04441
TRAIN,E,04442
TRAIN,E,04443
TRAIN,E,04444
TEST,E,04447
TRAIN,E,04448
TRAIN,E,04449
TRAIN,E,04450
TRAIN,E,04453
TRAIN,E,04454
TRAIN,E,04455
TEST,E,04456
TRAIN,E,04716
TEST,E,04717
TRAIN,E,04718
TRAIN,E,04719
TRAIN,E,04722
TRAIN,E,04723
TRAIN,E,04724
TRAIN,E,04725
TRAIN,E,04726
TRAIN,E,04729
TRAIN,E,04730
TRAIN,E,04731
TRAIN,E,04732
TRAIN,E,04733
TRAIN,E,04736
TEST,E,04737
TRAIN,E,04738
TRAIN,E,04739
TEST,E,04740
TEST,E,04743
TRAIN,E,04744
TRAIN,E,04745
TRAIN,E,04746
TRAIN,E,04749
TEST,E,04750
TRAIN,E,04751
TEST,E,04752
TRAIN,E,04816
TEST,E,04817
TRAIN,E,04818
TRAIN,E,04819
TRAIN,E,04822
TRAIN,E,04823
TEST,E,04824
TRAIN,E,04825
TRAIN,E,04828
TRAIN,E,04829
TEST,E,04830
TRAIN,E,04831
TRAIN,E,04832
TRAIN,E,04835
TRAIN,E,04836
TEST,E,04837
TEST,E,04838
TRAIN,E,04839
TRAIN,E,04842
TRAIN,E,04843
TRAIN,E,04844
TEST,E,04845
TRAIN,E,04846
TEST,E,04849
TRAIN,E,04850
TRAIN,E,04851
TRAIN,E,04852
TRAIN,E,04853
TRAIN,E,04856
TRAIN,E,04857
TRAIN,E,04858
TEST,E,04859
TRAIN,E,04975
TRAIN,E,04976
TRAIN,E,04977
TEST,E,04978
TEST,E,04981
TEST,E,04982
TRAIN,E,04983
TEST,E,04984
TRAIN,E,04987
TRAIN,E,04988
TEST,E,04989
TEST,E,04990
TRAIN,E,04993
TRAIN,E,04994
TRAIN,E,04995
TRAIN,E,04998
TEST,E,04999
TRAIN,E,05000
TRAIN,E,05001
TRAIN,E,05004
TEST,E,05005
TRAIN,E,05006
TRAIN,E,05007
TRAIN,E,05120
TRAIN,E,05121
TEST,E,05122
TRAIN,E,05123
TRAIN,E,05126
TEST,E,05127
TRAIN,E,05128
TRAIN,E,05129
TRAIN,E,05132
TRAIN,E,05133
TRAIN,E,05134
TRAIN,E,05135
TRAIN,E,05136
TRAIN,E,05139
TRAIN,E,05140
TRAIN,E,05141
TEST,E,05142
TEST,E,05143
TRAIN,E,05146
TEST,E,05147
TRAIN,E,05148
TRAIN,E,05149
TRAIN,E,05150
TRAIN,E,05233
TRAIN,E,05234
TRAIN,E,05235
TRAIN,E,05236
TRAIN,E,05239
TEST,E,05240
TRAIN,E,05241
TRAIN,E,05242
TEST,E,05243
TRAIN,E,05246
TEST,E,05247
TRAIN,E,05248
TRAIN,E,05249
TRAIN,E,05250
TRAIN,E,05253
TRAIN,E,05254
TRAIN,E,05255
TEST,E,05256
TEST,E,05373
TRAIN,E,05374
TRAIN,E,05375
TRAIN,E,05376
TRAIN,E,05377
TRAIN,E,05380
TRAIN,E,05381
TRAIN,E,05382
TEST,E,05383
TRAIN,E,05384
TRAIN,E,05385
TRAIN,E,05388
TEST,E,05389
TRAIN,E,05390
TRAIN,E,05391
TRAIN,E,05392
TRAIN,E,05395
TRAIN,E,05396
TRAIN,E,05397
TRAIN,E,05398
TRAIN,E,05399
TRAIN,E,05400
TRAIN,E,05403
TRAIN,E,05404
TRAIN,E,05405
TRAIN,E,05406
TRAIN,E,05407
TRAIN,E1,00823
TEST,E1,00973
TRAIN,E1,00978
TRAIN,E1,00983
TRAIN,E1,00988
TRAIN,E1,00994
TRAIN,E1,01000
TRAIN,E1,01006
TRAIN,E1,01011
TRAIN,E1,01017
TRAIN,E1,01023
TEST,E1,01028
TRAIN,E1,01572
TRAIN,E1,01577
TEST,E1,01582
TRAIN,E1,01588
TEST,E1,03661
TRAIN,E1,03666
TRAIN,E1,03671
TRAIN,E1,03676
TEST,E1,03682
TRAIN,E1,04303
TRAIN,E1,04307
TRAIN,E1,04312
TEST,E1,04317
TRAIN,E1,04997
TRAIN,E1,05003
TRAIN,F,00035
TRAIN,F,00041
TRAIN,F,00047
TRAIN,F,00050
TEST,F,00053
TEST,F,00161
TRAIN,F,00167
TRAIN,F,00172
TRAIN,F,00175
TRAIN,F,00178
TRAIN,F,00181
TRAIN,F,00184
TRAIN,F,00187
TRAIN,F,00310
TEST,F,00317
TRAIN,F,00324
TRAIN,F,00331
TRAIN,F,00337
TRAIN,F,00341
TRAIN,F,00344
TRAIN,F,00347
TEST,F,00350
TEST,F,00353
TRAIN,F,00356
TRAIN,F,00359
TEST,F,00362
TRAIN,F,00365
TEST,F,00368
TRAIN,F,00371
TRAIN,F,00374
TEST,F,00377
TRAIN,F,00380
TRAIN,F,00383
TEST,F,00567
TRAIN,F,00573
TRAIN,F,00579
TRAIN,F,00584
TEST,F,00587
TRAIN,F,00590
TRAIN,F,00593
TRAIN,F,00596
TRAIN,F,00599
TRAIN,F,00602
TRAIN,F,00605
TRAIN,F,00608
TEST,F,00611
TRAIN,F,00614
TEST,F,00779
TRAIN,F,00787
TRAIN,F,00794
TRAIN,F,00801
TRAIN,F,00808
TRAIN,F,00815
TRAIN,F,00822
TEST,F,00829
TRAIN,F,00834
TRAIN,F,00950
TRAIN,F,00954
TRAIN,F,00960
TEST,F,00966
TRAIN,F,00972
TRAIN,F,00977
TEST,F,00982
TEST,F,00987
TRAIN,F,00993
TRAIN,F,00999
TRAIN,F,01005
TRAIN,F,01010
TRAIN,F,01016
TRAIN,F,01022
TRAIN,F,01027
TRAIN,F,01159
TRAIN,F,01166
TRAIN,F,01172
TRAIN,F,01178
TRAIN,F,01184
TRAIN,F,01191
TRAIN,F,01198
TEST,F,01205
TRAIN,F,01210
TEST,F,01213
TRAIN,F,01217
TRAIN,F,01221
TEST,F,01224
TRAIN,F,01339
TRAIN,F,01342
TRAIN,F,01345
TEST,F,01348
TRAIN,F,01351
TEST,F,01354
TRAIN,F,01357
TRAIN,F,01361
TRAIN,F,01372
TRAIN,F,01377
TEST,F,01385
TEST,F,01391
TRAIN,F,01397
TRAIN,F,01404
TRAIN,F,01546
TRAIN,F,01553
TRAIN,F,01560
TRAIN,F,01566
TEST,F,01571
TRAIN,F,01576
TRAIN,F,01581
TRAIN,F,01587
TRAIN,F,01592
TRAIN,F,01727
TRAIN,F,01734
TRAIN,F,01740
TRAIN,F,01747
TRAIN,F,01754
TRAIN,F,01757
TRAIN,F,01759
TRAIN,F,01761
TRAIN,F,01763
TRAIN,F,01766
TRAIN,F,01769
TRAIN,F,01908
TRAIN,F,01914
TRAIN,F,01920
TRAIN,F,01926
TRAIN,F,01932
TRAIN,F,01939
TRAIN,F,01945
TRAIN,F,01950
TRAIN,F,01956
TRAIN,F,01962
TRAIN,F,01967
TEST,F,01972
TEST,F,02116
TRAIN,F,02122
TRAIN,F,02128
TRAIN,F,02134
TRAIN,F,02138
TRAIN,F,02141
TRAIN,F,02144
TRAIN,F,02147
TRAIN,F,02312
TRAIN,F,02318
TRAIN,F,02325
TRAIN,F,02332
TEST,F,02339
TRAIN,F,02345
TEST,F,02435
TRAIN,F,02439
TEST,F,02466
TEST,F,02469
TRAIN,F,02479
TRAIN,F,02486
TRAIN,F,02492
TRAIN,F,02499
TRAIN,F,02501
TRAIN,F,02503
TRAIN,F,02505
TRAIN,F,02507
TRAIN,F,02510
TRAIN,F,02516
TRAIN,F,02520
TRAIN,F,02612
TRAIN,F,02650
TEST,F,02653
TEST,F,02656
TEST,F,02659
TEST,F,02662
TRAIN,F,02665
TRAIN,F,02671
TEST,F,02678
TRAIN,F,02684
TEST,F,02690
TRAIN,F,02693
TRAIN,F,02695
TEST,F,02697
TRAIN,F,02699
TRAIN,F,02701
TRAIN,F,02704
TEST,F,02785
TRAIN,F,02790
TRAIN,F,02792
TRAIN,F,02795
TEST,F,02798
TRAIN,F,02801
TEST,F,02804
TRAIN,F,02807
TRAIN,F,02810
TRAIN,F,02932
TEST,F,02938
TEST,F,02945
TEST,F,02953
TRAIN,F,02967
TEST,F,03077
TRAIN,F,03080
TRAIN,F,03083
TRAIN,F,03091
TRAIN,F,03097
TRAIN,F,03103
TRAIN,F,03106
TEST,F,03109
TRAIN,F,03112
TEST,F,03212
TRAIN,F,03219
TEST,F,03226
TRAIN,F,03233
TRAIN,F,03240
TRAIN,F,03242
TRAIN,F,03244
TRAIN,F,03246
TRAIN,F,03248
TRAIN,F,03251
TRAIN,F,03254
TRAIN,F,03256
TRAIN,F,03495
TRAIN,F,03499
TRAIN,F,03502
TRAIN,F,03505
TRAIN,F,03508
TEST,F,03514
TRAIN,F,03520
TRAIN,F,03526
TRAIN,F,03528
TRAIN,F,03531
TRAIN,F,03533
TRAIN,F,03649
TRAIN,F,03653
TRAIN,F,03656
TRAIN,F,03658
TRAIN,F,03660
TEST,F,03665
TRAIN,F,03670
TRAIN,F,03675
TRAIN,F,03681
TRAIN,F,03686
TRAIN,F,03813
TEST,F,03818
TRAIN,F,03821
TRAIN,F,03823
TRAIN,F,03826
TEST,F,03829
TRAIN,F,03947
TRAIN,F,03950
TRAIN,F,03953
TRAIN,F,03956
TRAIN,F,03962
TEST,F,03968
TRAIN,F,03975
TRAIN,F,03981
TRAIN,F,03987
TRAIN,F,03993
TEST,F,04000
TRAIN,F,04007
TRAIN,F,04013
TEST,F,04016
TRAIN,F,04019
TRAIN,F,04022
TRAIN,F,04036
TRAIN,F,04038
TRAIN,F,04041
TRAIN,F,04045
TEST,F,04050
TRAIN,F,04059
TRAIN,F,04064
TRAIN,F,04172
TEST,F,04178
TEST,F,04181
TRAIN,F,04184
TRAIN,F,04187
TRAIN,F,04290
TRAIN,F,04296
TRAIN,F,04306
TRAIN,F,04311
TEST,F,04316
TRAIN,F,04321
TEST,F,04439
TRAIN,F,04445
TRAIN,F,04451
TRAIN,F,04457
TEST,F,04461
TRAIN,F,04465
TRAIN,F,04469
TRAIN,F,04472
TRAIN,F,04549
TRAIN,F,04553
TRAIN,F,04556
TRAIN,F,04559
TRAIN,F,04562
TRAIN,F,04565
TRAIN,F,04570
TRAIN,F,04573
TEST,F,04575
TRAIN,F,04577
TRAIN,F,04580
TEST,F,04583
TRAIN,F,04720
TRAIN,F,04727
TRAIN,F,04734
TRAIN,F,04741
TRAIN,F,04747
TRAIN,F,04753
TRAIN,F,04820
TRAIN,F,04826
TRAIN,F,04833
TRAIN,F,04840
TRAIN,F,04847
TRAIN,F,04854
TRAIN,F,04860
TRAIN,F,04863
TRAIN,F,04985
TRAIN,F,04991
TEST,F,04996
TRAIN,F,05002
TRAIN,F,05008
TRAIN,F,05124
TRAIN,F,05130
TRAIN,F,05137
TRAIN,F,05144
TRAIN,F,05151
TRAIN,F,05153
TRAIN,F,05156
TRAIN,F,05159
TRAIN,F,05161
TRAIN,F,05221
TEST,F,05226
TRAIN,F,05230
TRAIN,F,05237
TRAIN,F,05244
TRAIN,F,05251
TRAIN,F,05257
TRAIN,F,05260
TRAIN,F,05263
TRAIN,F,05266
TRAIN,F,05378
TEST,F,05386
TRAIN,F,05393
TRAIN,F,05401
TEST,F,05408
TRAIN,F,05412
TRAIN,F,05415
TEST,F,05418
TRAIN,F,05421
TEST,F,05424
TRAIN,G,00048
TRAIN,G,00051
TRAIN,G,00173
TRAIN,G,00176
TEST,G,00179
TEST,G,00182
TEST,G,00185
TEST,G,00338
TRAIN,G,00342
TRAIN,G,00345
TRAIN,G,00348
TRAIN,G,00351
TRAIN,G,00354
TRAIN,G,00357
TRAIN,G,00360
TRAIN,G,00363
TRAIN,G,00366
TRAIN,G,00369
TRAIN,G,00372
TEST,G,00375
TRAIN,G,00378
TRAIN,G,00381
TEST,G,00585
TRAIN,G,00588
TRAIN,G,00591
TRAIN,G,00594
TRAIN,G,00597
TRAIN,G,00600
TRAIN,G,00603
TRAIN,G,00606
TRAIN,G,00609
TRAIN,G,00612
TRAIN,G,01214
TRAIN,G,01218
TRAIN,G,01222
TRAIN,G,01764
TEST,G,01767
TEST,G,02135
TRAIN,G,02139
TEST,G,02142
TRAIN,G,02145
TRAIN,G,02702
TEST,G,02793
TRAIN,G,02796
TEST,G,02799
TRAIN,G,02802
TRAIN,G,02805
TRAIN,G,02808
TRAIN,G,03107
TEST,G,03110
TRAIN,G,03249
TRAIN,G,03252
TRAIN,G,03529
TRAIN,G,03824
TRAIN,G,03827
TRAIN,G,04020
TEST,G,04023
TRAIN,G,04185
TRAIN,G,04458
TRAIN,G,04462
TRAIN,G,04466
TEST,G,04470
TRAIN,G,04578
TRAIN,G,04581
TRAIN,G,04861
TRAIN,G,04864
TRAIN,G,04867
TEST,G,05154
TRAIN,G,05157
TEST,G,05258
TRAIN,G,05261
TRAIN,G,05264
TRAIN,G,05409
TRAIN,G,05416
TRAIN,G,05419
TRAIN,G,05422
TRAIN,G2,00054
TRAIN,G2,00055
TRAIN,G2,00059
TRAIN,G2,00060
TRAIN,G2,00071
TEST,G2,00072
TRAIN,G2,00084
TRAIN,G2,00085
TEST,G2,00188
TRAIN,G2,00189
TEST,G2,00193
TRAIN,G2,00194
TRAIN,G2,00198
TEST,G2,00199
TRAIN,G2,00384
TRAIN,G2,00385
TEST,G2,00389
TRAIN,G2,00390
TEST,G2,00400
TRAIN,G2,00401
TRAIN,G2,00415
TRAIN,G2,00416
TRAIN,G2,00615
TRAIN,G2,00616
TRAIN,G2,00620
TRAIN,G2,00621
TRAIN,G2,00628
TRAIN,G2,00629
TRAIN,G2,00640
TRAIN,G2,00641
TEST,G2,00653
TEST,G2,00654
TRAIN,G2,00835
TRAIN,G2,00836
TEST,G2,00841
TRAIN,G2,00842
TRAIN,G2,00851
TRAIN,G2,00852
TRAIN,G2,00863
TRAIN,G2,00864
TRAIN,G2,01029
TRAIN,G2,01035
TRAIN,G2,01036
TRAIN,G2,01045
TRAIN,G2,01046
TRAIN,G2,01056
TEST,G2,01057
TRAIN,G2,01068
TRAIN,G2,01069
TRAIN,G2,01225
TEST,G2,01226
TRAIN,G2,01229
TRAIN,G2,01230
TRAIN,G2,01233
TRAIN,G2,01234
TEST,G2,01238
TRAIN,G2,01239
TRAIN,G2,01241
TEST,G2,01242
TEST,G2,01254
TRAIN,G2,01255
TRAIN,G2,01405
TRAIN,G2,01406
TEST,G2,01413
TRAIN,G2,01414
TRAIN,G2,01423
TRAIN,G2,01424
TRAIN,G2,01434
TRAIN,G2,01435
TRAIN,G2,01445
TEST,G2,01446
TRAIN,G2,01593
TEST,G2,01594
TEST,G2,01599
TRAIN,G2,01600
TEST,G2,01608
TRAIN,G2,01609
TRAIN,G2,01620
TRAIN,G2,01621
TRAIN,G2,01770
TRAIN,G2,01771
TRAIN,G2,01774
TRAIN,G2,01775
TRAIN,G2,01779
TRAIN,G2,01780
TRAIN,G2,01784
TRAIN,G2,01785
TEST,G2,01796
TRAIN,G2,01797
TRAIN,G2,01809
TRAIN,G2,01810
TRAIN,G2,01975
TEST,G2,01979
TEST,G2,01980
TRAIN,G2,01990
TRAIN,G2,01991
TEST,G2,02000
TRAIN,G2,02001
TRAIN,G2,02148
TEST,G2,02149
TRAIN,G2,02152
TRAIN,G2,02153
TRAIN,G2,02156
TRAIN,G2,02157
TEST,G2,02161
TRAIN,G2,02162
TRAIN,G2,02171
TRAIN,G2,02172
TRAIN,G2,02184
TRAIN,G2,02185
TRAIN,G2,02346
TRAIN,G2,02347
TRAIN,G2,02354
TRAIN,G2,02355
TEST,G2,02365
TRAIN,G2,02366
TRAIN,G2,02375
TRAIN,G2,02376
TRAIN,G2,02388
TRAIN,G2,02389
TEST,G2,02521
TRAIN,G2,02522
TRAIN,G2,02527
TRAIN,G2,02528
TRAIN,G2,02534
TRAIN,G2,02535
TRAIN,G2,02545
TRAIN,G2,02546
TRAIN,G2,02558
TRAIN,G2,02559
TEST,G2,02705
TRAIN,G2,02706
TRAIN,G2,02709
TRAIN,G2,02710
TRAIN,G2,02715
TRAIN,G2,02716
TRAIN,G2,02811
TRAIN,G2,02812
TRAIN,G2,02816
TRAIN,G2,02817
TRAIN,G2,02822
TRAIN,G2,02823
TEST,G2,02830
TRAIN,G2,02831
TRAIN,G2,02842
TRAIN,G2,02843
TRAIN,G2,02968
TEST,G2,02969
TRAIN,G2,02975
TEST,G2,02976
TRAIN,G2,02983
TRAIN,G2,02984
TRAIN,G2,02996
TRAIN,G2,02997
TRAIN,G2,03113
TRAIN,G2,03114
TRAIN,G2,03117
TRAIN,G2,03118
TRAIN,G2,03124
TRAIN,G2,03125
TRAIN,G2,03136
TRAIN,G2,03137
TEST,G2,03152
TRAIN,G2,03153
TRAIN,G2,03257
TRAIN,G2,03258
TRAIN,G2,03261
TRAIN,G2,03262
TRAIN,G2,03266
TRAIN,G2,03267
TEST,G2,03277
TEST,G2,03278
TEST,G2,03383
TRAIN,G2,03385
TRAIN,G2,03388
TRAIN,G2,03389
TRAIN,G2,03390
TRAIN,G2,03402
TRAIN,G2,03403
TRAIN,G2,03414
TRAIN,G2,03415
TRAIN,G2,03534
TRAIN,G2,03535
TRAIN,G2,03538
TRAIN,G2,03539
TEST,G2,03547
TRAIN,G2,03548
TRAIN,G2,03555
TRAIN,G2,03556
TRAIN,G2,03563
TRAIN,G2,03564
TEST,G2,03687
TRAIN,G2,03688
TRAIN,G2,03692
TRAIN,G2,03693
TRAIN,G2,03697
TRAIN,G2,03698
TRAIN,G2,03706
TRAIN,G2,03707
TRAIN,G2,03718
TRAIN,G2,03719
TRAIN,G2,03830
TRAIN,G2,03831
TEST,G2,03834
TRAIN,G2,03835
TEST,G2,03840
TRAIN,G2,03841
TRAIN,G2,03848
TRAIN,G2,03849
TRAIN,G2,03856
TRAIN,G2,03857
TEST,G2,03865
TEST,G2,03866
TRAIN,G2,03876
TEST,G2,03877
TRAIN,G2,04065
TRAIN,G2,04066
TEST,G2,04070
TRAIN,G2,04080
TEST,G2,04081
TEST,G2,04092
TRAIN,G2,04093
TRAIN,G2,04188
TRAIN,G2,04189
TRAIN,G2,04192
TRAIN,G2,04193
TRAIN,G2,04197
TRAIN,G2,04198
TRAIN,G2,04202
TRAIN,G2,04203
TRAIN,G2,04213
TRAIN,G2,04214
TEST,G2,04224
TRAIN,G2,04225
TEST,G2,04322
TRAIN,G2,04323
TRAIN,G2,04328
TRAIN,G2,04329
TEST,G2,04335
TRAIN,G2,04336
TEST,G2,04344
TEST,G2,04345
TEST,G2,04473
TRAIN,G2,04474
TRAIN,G2,04477
TRAIN,G2,04478
TRAIN,G2,04485
TRAIN,G2,04486
TRAIN,G2,04496
TRAIN,G2,04497
TRAIN,G2,04584
TEST,G2,04585
TRAIN,G2,04588
TRAIN,G2,04589
TRAIN,G2,04593
TEST,G2,04594
TRAIN,G2,04601
TRAIN,G2,04602
TRAIN,G2,04609
TRAIN,G2,04610
TRAIN,G2,04623
TEST,G2,04624
TEST,G2,04754
TRAIN,G2,04755
TRAIN,G2,04757
TRAIN,G2,04758
TEST,G2,04761
TEST,G2,04762
TRAIN,G2,04870
TRAIN,G2,04871
TEST,G2,04874
TRAIN,G2,04875
TEST,G2,04880
TRAIN,G2,04881
TEST,G2,04892
TRAIN,G2,04893
TRAIN,G2,05009
TRAIN,G2,05010
TRAIN,G2,05017
TRAIN,G2,05018
TRAIN,G2,05028
TRAIN,G2,05029
TRAIN,G2,05041
TRAIN,G2,05042
TRAIN,G2,05162
TRAIN,G2,05163
TRAIN,G2,05166
TRAIN,G2,05167
TRAIN,G2,05176
TRAIN,G2,05177
TRAIN,G2,05187
TRAIN,G2,05188
TRAIN,G2,05267
TRAIN,G2,05268
TRAIN,G2,05272
TRAIN,G2,05273
TRAIN,G2,05278
TRAIN,G2,05279
TRAIN,G2,05289
TRAIN,G2,05290
TEST,G2,05425
TRAIN,G2,05426
TRAIN,G2,05427
TRAIN,G2,05428
TRAIN,G2,05432
TEST,G2,05434
TRAIN,G2,05435
TRAIN,H,00049
TEST,H,00052
TRAIN,H,00174
TRAIN,H,00177
TRAIN,H,00180
TRAIN,H,00183
TRAIN,H,00186
TRAIN,H,00339
TRAIN,H,00340
TRAIN,H,00343
TRAIN,H,00346
TRAIN,H,00349
TRAIN,H,00352
TEST,H,00355
TRAIN,H,00358
TRAIN,H,00361
TRAIN,H,00364
TRAIN,H,00367
TRAIN,H,00370
TEST,H,00373
TRAIN,H,00376
TRAIN,H,00379
TRAIN,H,00382
TRAIN,H,00586
TRAIN,H,00589
TRAIN,H,00592
TRAIN,H,00595
TRAIN,H,00598
TRAIN,H,00601
TRAIN,H,00604
TEST,H,00607
TRAIN,H,00610
TRAIN,H,00613
TRAIN,H,00952
TRAIN,H,00953
TRAIN,H,01211
TRAIN,H,01212
TRAIN,H,01215
TEST,H,01216
TEST,H,01219
TEST,H,01220
TRAIN,H,01223
TRAIN,H,01755
TRAIN,H,01756
TRAIN,H,01758
TRAIN,H,01760
TEST,H,01762
TRAIN,H,01765
TEST,H,01768
TEST,H,02136
TRAIN,H,02137
TRAIN,H,02140
TRAIN,H,02143
TRAIN,H,02146
TRAIN,H,02500
TRAIN,H,02502
TRAIN,H,02504
TEST,H,02506
TRAIN,H,02691
TRAIN,H,02692
TRAIN,H,02694
TEST,H,02696
TRAIN,H,02698
TRAIN,H,02700
TRAIN,H,02703
TRAIN,H,02791
TRAIN,H,02794
TEST,H,02797
TRAIN,H,02800
TEST,H,02803
TRAIN,H,02806
TRAIN,H,02809
TRAIN,H,03104
TRAIN,H,03105
TRAIN,H,03108
TRAIN,H,03111
TRAIN,H,03245
TRAIN,H,03247
TEST,H,03250
TRAIN,H,03521
TEST,H,03522
TEST,H,03525
TRAIN,H,03527
TEST,H,03530
TRAIN,H,03532
TRAIN,H,03654
TRAIN,H,03655
TRAIN,H,03657
TRAIN,H,03659
TRAIN,H,03819
TRAIN,H,03820
TRAIN,H,03822
TEST,H,03825
TRAIN,H,03828
TRAIN,H,04014
TRAIN,H,04015
TEST,H,04017
TRAIN,H,04018
TRAIN,H,04021
TRAIN,H,04024
TEST,H,04180
TRAIN,H,04182
TEST,H,04183
TRAIN,H,04186
TRAIN,H,04291
TRAIN,H,04292
TEST,H,04294
TRAIN,H,04295
TEST,H,04297
TRAIN,H,04298
TRAIN,H,04300
TRAIN,H,04301
TRAIN,H,04459
TRAIN,H,04460
TRAIN,H,04463
TEST,H,04464
TEST,H,04467
TRAIN,H,04468
TRAIN,H,04471
TRAIN,H,04571
TRAIN,H,04572
TRAIN,H,04574
TRAIN,H,04576
TRAIN,H,04579
TRAIN,H,04582
TRAIN,H,04862
TRAIN,H,04865
TEST,H,04868
TRAIN,H,05152
TRAIN,H,05155
TRAIN,H,05158
TRAIN,H,05160
TEST,H,05259
TEST,H,05262
TRAIN,H,05265
TRAIN,H,05410
TRAIN,H,05411
TRAIN,H,05414
TRAIN,H,05417
TRAIN,H,05420
TRAIN,H,05423
TRAIN,I,00056
TRAIN,I,00057
TRAIN,I,00058
TRAIN,I,00061
TRAIN,I,00062
TRAIN,I,00063
TRAIN,I,00064
TRAIN,I,00065
TRAIN,I,00066
TRAIN,I,00067
TRAIN,I,00068
TRAIN,I,00069
TRAIN,I,00070
TRAIN,I,00073
TRAIN,I,00074
TRAIN,I,00075
TRAIN,I,00076
TRAIN,I,00077
TRAIN,I,00078
TRAIN,I,00079
TEST,I,00080
TRAIN,I,00081
TEST,I,00082
TRAIN,I,00083
TRAIN,I,00086
TRAIN,I,00087
TRAIN,I,00088
TRAIN,I,00089
TRAIN,I,00090
TRAIN,I,00091
TRAIN,I,00092
TRAIN,I,00093
TEST,I,00094
TRAIN,I,00095
TRAIN,I,00096
TRAIN,I,00190
TRAIN,I,00191
TRAIN,I,00192
TRAIN,I,00195
TRAIN,I,00196
TEST,I,00386
TRAIN,I,00387
TRAIN,I,00388
TRAIN,I,00391
TRAIN,I,00392
TEST,I,00393
TRAIN,I,00394
TRAIN,I,00395
TEST,I,00396
TRAIN,I,00397
TRAIN,I,00398
TRAIN,I,00399
TRAIN,I,00402
TEST,I,00403
TEST,I,00404
TRAIN,I,00405
TRAIN,I,00406
TRAIN,I,00407
TRAIN,I,00408
TRAIN,I,00409
TRAIN,I,00410
TRAIN,I,00411
TRAIN,I,00412
TRAIN,I,00413
TRAIN,I,00414
TEST,I,00417
TRAIN,I,00418
TRAIN,I,00419
TEST,I,00420
TRAIN,I,00421
TRAIN,I,00422
TRAIN,I,00423
TEST,I,00424
TEST,I,00425
TRAIN,I,00426
TRAIN,I,00427
TEST,I,00428
TRAIN,I,00617
TRAIN,I,00618
TRAIN,I,00619
TRAIN,I,00622
TEST,I,00623
TRAIN,I,00624
TEST,I,00625
TRAIN,I,00626
TRAIN,I,00627
TRAIN,I,00630
TRAIN,I,00631
TRAIN,I,00632
TRAIN,I,00633
TRAIN,I,00634
TRAIN,I,00635
TRAIN,I,00636
TEST,I,00637
TEST,I,00638
TRAIN,I,00639
TEST,I,00642
TRAIN,I,00643
TRAIN,I,00644
TRAIN,I,00645
TEST,I,00837
TRAIN,I,00838
TEST,I,00839
TRAIN,I,00840
TRAIN,I,00843
TEST,I,00844
TEST,I,00845
TRAIN,I,00846
TRAIN,I,00847
TRAIN,I,00848
TRAIN,I,00849
TEST,I,00850
TEST,I,01030
TEST,I,01031
TEST,I,01032
TRAIN,I,01033
TRAIN,I,01034
TRAIN,I,01037
TRAIN,I,01038
TRAIN,I,01039
TEST,I,01040
TRAIN,I,01041
TRAIN,I,01042
TRAIN,I,01043
TEST,I,01044
TRAIN,I,01047
TRAIN,I,01048
TRAIN,I,01049
TRAIN,I,01050
TRAIN,I,01051
TEST,I,01052
TRAIN,I,01053
TEST,I,01054
TRAIN,I,01055
TEST,I,01058
TEST,I,01059
TRAIN,I,01060
TRAIN,I,01061
TEST,I,01062
TRAIN,I,01063
TRAIN,I,01064
TRAIN,I,01065
TRAIN,I,01066
TRAIN,I,01227
TRAIN,I,01228
TRAIN,I,01407
TEST,I,01408
TRAIN,I,01409
TRAIN,I,01410
TRAIN,I,01411
TRAIN,I,01412
TRAIN,I,01415
TRAIN,I,01416
TRAIN,I,01417
TRAIN,I,01418
TRAIN,I,01419
TEST,I,01420
TRAIN,I,01421
TRAIN,I,01422
TEST,I,01425
TRAIN,I,01426
TRAIN,I,01427
TRAIN,I,01428
TEST,I,01429
TRAIN,I,01430
TRAIN,I,01431
TEST,I,01432
TRAIN,I,01436
TRAIN,I,01437
TRAIN,I,01438
TRAIN,I,01439
TRAIN,I,01440
TRAIN,I,01441
TRAIN,I,01442
TRAIN,I,01443
TRAIN,I,01444
TRAIN,I,01595
TEST,I,01596
TRAIN,I,01597
TRAIN,I,01598
TRAIN,I,01601
TRAIN,I,01602
TRAIN,I,01603
TRAIN,I,01604
TRAIN,I,01605
TEST,I,01606
TEST,I,01607
TRAIN,I,01610
TRAIN,I,01611
TRAIN,I,01772
TRAIN,I,01773
TRAIN,I,01776
TRAIN,I,01777
TEST,I,01778
TRAIN,I,01976
TRAIN,I,01977
TRAIN,I,01978
TEST,I,01992
TRAIN,I,01993
TRAIN,I,01994
TRAIN,I,01995
TRAIN,I,01996
TRAIN,I,01997
TRAIN,I,01998
TRAIN,I,01999
TRAIN,I,02150
TRAIN,I,02151
TEST,I,02154
TRAIN,I,02155
TRAIN,I,02158
TRAIN,I,02159
TRAIN,I,02160
TRAIN,I,02348
TRAIN,I,02349
TRAIN,I,02350
TRAIN,I,02351
TRAIN,I,02352
TRAIN,I,02353
TRAIN,I,02356
TRAIN,I,02357
TRAIN,I,02358
TRAIN,I,02359
TRAIN,I,02360
TRAIN,I,02361
TRAIN,I,02362
TRAIN,I,02363
TRAIN,I,02364
TRAIN,I,02367
TEST,I,02368
TRAIN,I,02369
TRAIN,I,02370
TRAIN,I,02371
TRAIN,I,02372
TRAIN,I,02373
TRAIN,I,02374
TEST,I,02377
TRAIN,I,02378
TRAIN,I,02379
TRAIN,I,02380
TEST,I,02381
TRAIN,I,02382
TEST,I,02383
TRAIN,I,02523
TRAIN,I,02524
TEST,I,02525
TRAIN,I,02526
TEST,I,02529
TRAIN,I,02530
TRAIN,I,02531
TEST,I,02532
TRAIN,I,02533
TRAIN,I,02707
TRAIN,I,02708
TRAIN,I,02711
TEST,I,02712
TRAIN,I,02713
TRAIN,I,02714
TEST,I,02717
TRAIN,I,02718
TEST,I,02719
TRAIN,I,02720
TEST,I,02813
TRAIN,I,02814
TRAIN,I,02815
TRAIN,I,02818
TRAIN,I,02819
TRAIN,I,02820
TRAIN,I,02821
TRAIN,I,02824
TRAIN,I,02825
TRAIN,I,02826
TRAIN,I,02827
TRAIN,I,02828
TRAIN,I,02829
TEST,I,02832
TRAIN,I,02833
TRAIN,I,02834
TEST,I,02835
TRAIN,I,02836
TRAIN,I,02838
TEST,I,02970
TRAIN,I,02971
TEST,I,02972
TRAIN,I,02973
TRAIN,I,02974
TRAIN,I,02977
TRAIN,I,02978
TRAIN,I,02979
TRAIN,I,02980
TRAIN,I,02981
TEST,I,02982
TRAIN,I,02985
TRAIN,I,02986
TRAIN,I,02987
TRAIN,I,02988
TRAIN,I,02989
TEST,I,02990
TRAIN,I,02998
TRAIN,I,02999
TRAIN,I,03000
TRAIN,I,03001
TRAIN,I,03003
TRAIN,I,03005
TRAIN,I,03007
TRAIN,I,03115
TEST,I,03116
TEST,I,03119
TRAIN,I,03120
TEST,I,03121
TRAIN,I,03122
TEST,I,03123
TRAIN,I,03126
TRAIN,I,03127
TRAIN,I,03128
TEST,I,03129
TRAIN,I,03130
TEST,I,03131
TRAIN,I,03132
TRAIN,I,03133
TEST,I,03134
TRAIN,I,03135
TEST,I,03259
TRAIN,I,03260
TRAIN,I,03263
TRAIN,I,03264
TRAIN,I,03265
TRAIN,I,03268
TEST,I,03269
TRAIN,I,03270
TRAIN,I,03271
TRAIN,I,03273
TRAIN,I,03275
TRAIN,I,03384
TEST,I,03386
TEST,I,03387
TRAIN,I,03536
TRAIN,I,03537
TRAIN,I,03540
TRAIN,I,03554
TRAIN,I,03557
TRAIN,I,03558
TRAIN,I,03559
TEST,I,03560
TRAIN,I,03561
TRAIN,I,03562
TRAIN,I,03565
TEST,I,03566
TRAIN,I,03567
TRAIN,I,03568
TRAIN,I,03569
TRAIN,I,03570
TRAIN,I,03689
TRAIN,I,03690
TEST,I,03691
TRAIN,I,03694
TRAIN,I,03695
TRAIN,I,03696
TRAIN,I,03699
TRAIN,I,03700
TEST,I,03701
TRAIN,I,03702
TRAIN,I,03703
TRAIN,I,03704
TRAIN,I,03705
TRAIN,I,03832
TRAIN,I,03833
TRAIN,I,03836
TRAIN,I,03837
TRAIN,I,03838
TRAIN,I,03839
TRAIN,I,03842
TRAIN,I,03843
TEST,I,03844
TRAIN,I,03845
TRAIN,I,03846
TRAIN,I,03847
TEST,I,03850
TEST,I,03851
TEST,I,03852
TRAIN,I,03853
TRAIN,I,03854
TRAIN,I,03855
TRAIN,I,04067
TRAIN,I,04068
TRAIN,I,04190
TRAIN,I,04191
TRAIN,I,04324
TRAIN,I,04325
TRAIN,I,04326
TEST,I,04327
TRAIN,I,04330
TRAIN,I,04331
TEST,I,04332
TRAIN,I,04333
TEST,I,04334
TRAIN,I,04337
TRAIN,I,04338
TRAIN,I,04339
TRAIN,I,04340
TRAIN,I,04341
TRAIN,I,04342
TRAIN,I,04343
TRAIN,I,04475
TRAIN,I,04476
TRAIN,I,04586
TRAIN,I,04587
TRAIN,I,04590
TRAIN,I,04591
TRAIN,I,04592
TRAIN,I,04595
TRAIN,I,04596
TRAIN,I,04597
TRAIN,I,04598
TRAIN,I,04599
TRAIN,I,04600
TRAIN,I,04603
TRAIN,I,04604
TRAIN,I,04605
TEST,I,04606
TEST,I,04607
TRAIN,I,04608
TRAIN,I,04611
TRAIN,I,04612
TRAIN,I,04613
TRAIN,I,04614
TRAIN,I,04615
TRAIN,I,04616
TRAIN,I,04617
TRAIN,I,04756
TRAIN,I,04759
TRAIN,I,04760
TRAIN,I,04872
TRAIN,I,04873
TRAIN,I,04876
TRAIN,I,04877
TRAIN,I,04878
TRAIN,I,04879
TRAIN,I,04882
TRAIN,I,04883
TEST,I,04884
TRAIN,I,05011
TRAIN,I,05012
TRAIN,I,05013
TRAIN,I,05014
TRAIN,I,05015
TRAIN,I,05016
TRAIN,I,05019
TRAIN,I,05020
TEST,I,05021
TRAIN,I,05022
TEST,I,05023
TRAIN,I,05024
TRAIN,I,05025
TRAIN,I,05030
TEST,I,05031
TRAIN,I,05164
TEST,I,05165
TRAIN,I,05269
TRAIN,I,05270
TRAIN,I,05271
TEST,I,05274
TRAIN,I,05275
TRAIN,I,05276
TEST,I,05277
TEST,I,05429
TEST,I,05430
TRAIN,I,05431
TRAIN,I,05436
TRAIN,I,05437
TRAIN,I,05438
TEST,I,05439
TEST,I2,00097
TRAIN,I2,00098
TEST,I2,00099
TRAIN,I2,00103
TRAIN,I2,00104
TRAIN,I2,00105
TRAIN,I2,00106
TRAIN,I2,00197
TRAIN,I2,00200
TEST,I2,00201
TRAIN,I2,00202
TRAIN,I2,00203
TEST,I2,00204
TRAIN,I2,00205
TRAIN,I2,00206
TRAIN,I2,00207
TRAIN,I2,00208
TRAIN,I2,00209
TEST,I2,00429
TRAIN,I2,00430
TRAIN,I2,00431
TRAIN,I2,00646
TRAIN,I2,00647
TEST,I2,00648
TEST,I2,00649
TEST,I2,00650
TRAIN,I2,00651
TRAIN,I2,00652
TRAIN,I2,00655
TRAIN,I2,00656
TEST,I2,00657
TRAIN,I2,00658
TRAIN,I2,00659
TRAIN,I2,00660
TRAIN,I2,00661
TRAIN,I2,00662
TEST,I2,00663
TRAIN,I2,00664
TEST,I2,00665
TRAIN,I2,00666
TRAIN,I2,00667
TRAIN,I2,00853
TRAIN,I2,00854
TEST,I2,00855
TRAIN,I2,00856
TRAIN,I2,00857
TRAIN,I2,00858
TRAIN,I2,00859
TRAIN,I2,00860
TRAIN,I2,00861
TRAIN,I2,00862
TRAIN,I2,00865
TRAIN,I2,00866
TRAIN,I2,00867
TRAIN,I2,00868
TRAIN,I2,00869
TRAIN,I2,00870
TEST,I2,00871
TRAIN,I2,00872
TRAIN,I2,00873
TRAIN,I2,00874
TRAIN,I2,00875
TRAIN,I2,00876
TRAIN,I2,00877
TEST,I2,00878
TEST,I2,01067
TRAIN,I2,01070
TRAIN,I2,01071
TEST,I2,01072
TRAIN,I2,01073
TEST,I2,01074
TRAIN,I2,01075
TRAIN,I2,01076
TEST,I2,01077
TRAIN,I2,01078
TRAIN,I2,01079
TRAIN,I2,01080
TRAIN,I2,01081
TEST,I2,01082
TRAIN,I2,01083
TEST,I2,01087
TRAIN,I2,01088
TEST,I2,01089
TRAIN,I2,01090
TRAIN,I2,01231
TRAIN,I2,01232
TEST,I2,01235
TRAIN,I2,01236
TRAIN,I2,01237
TRAIN,I2,01240
TRAIN,I2,01243
TRAIN,I2,01244
TEST,I2,01245
TRAIN,I2,01246
TRAIN,I2,01247
TRAIN,I2,01248
TRAIN,I2,01249
TRAIN,I2,01250
TRAIN,I2,01251
TRAIN,I2,01252
TRAIN,I2,01253
TRAIN,I2,01256
TRAIN,I2,01257
TEST,I2,01258
TRAIN,I2,01259
TRAIN,I2,01260
TRAIN,I2,01261
TRAIN,I2,01262
TEST,I2,01263
TRAIN,I2,01264
TRAIN,I2,01265
TEST,I2,01266
TRAIN,I2,01267
TRAIN,I2,01268
TRAIN,I2,01269
TRAIN,I2,01270
TRAIN,I2,01271
TEST,I2,01279
TRAIN,I2,01447
TEST,I2,01448
TRAIN,I2,01449
TRAIN,I2,01450
TRAIN,I2,01451
TEST,I2,01452
TRAIN,I2,01453
TEST,I2,01454
TRAIN,I2,01455
TRAIN,I2,01456
TRAIN,I2,01457
TRAIN,I2,01612
TRAIN,I2,01613
TEST,I2,01614
TEST,I2,01615
TRAIN,I2,01616
TRAIN,I2,01617
TRAIN,I2,01618
TRAIN,I2,01619
TRAIN,I2,01622
TRAIN,I2,01623
TRAIN,I2,01624
TRAIN,I2,01625
TRAIN,I2,01626
TRAIN,I2,01627
TEST,I2,01628
TRAIN,I2,01629
TEST,I2,01630
TRAIN,I2,01631
TRAIN,I2,01632
TRAIN,I2,01633
TRAIN,I2,01634
TEST,I2,01635
TRAIN,I2,01642
TRAIN,I2,01643
TRAIN,I2,01781
TRAIN,I2,01782
TRAIN,I2,01783
TEST,I2,01786
TRAIN,I2,01787
TRAIN,I2,01788
TRAIN,I2,01789
TRAIN,I2,01790
TRAIN,I2,01791
TEST,I2,01792
TRAIN,I2,01793
TRAIN,I2,01794
TRAIN,I2,01795
TRAIN,I2,01798
TRAIN,I2,01799
TEST,I2,01800
TEST,I2,01801
TRAIN,I2,01802
TRAIN,I2,01803
TRAIN,I2,01804
TRAIN,I2,01805
TRAIN,I2,01806
TRAIN,I2,01807
TRAIN,I2,01808
TRAIN,I2,01811
TRAIN,I2,01812
TRAIN,I2,01813
TRAIN,I2,01814
TRAIN,I2,01815
TRAIN,I2,01816
TRAIN,I2,01817
TRAIN,I2,01818
TRAIN,I2,01819
TRAIN,I2,01820
TEST,I2,01821
TRAIN,I2,01822
TRAIN,I2,01823
TRAIN,I2,01824
TRAIN,I2,01829
TRAIN,I2,01830
TRAIN,I2,01831
TRAIN,I2,01832
TRAIN,I2,01981
TRAIN,I2,01982
TRAIN,I2,01983
TRAIN,I2,01984
TRAIN,I2,01985
TRAIN,I2,01986
TRAIN,I2,01987
TRAIN,I2,01988
TRAIN,I2,01989
TRAIN,I2,02002
TRAIN,I2,02003
TRAIN,I2,02004
TRAIN,I2,02005
TRAIN,I2,02006
TEST,I2,02007
TEST,I2,02008
TRAIN,I2,02009
TRAIN,I2,02010
TRAIN,I2,02011
TRAIN,I2,02012
TRAIN,I2,02013
TRAIN,I2,02014
TRAIN,I2,02015
TRAIN,I2,02016
TRAIN,I2,02017
TEST,I2,02022
TRAIN,I2,02024
TRAIN,I2,02025
TRAIN,I2,02163
TRAIN,I2,02164
TRAIN,I2,02165
TEST,I2,02166
TRAIN,I2,02167
TRAIN,I2,02168
TEST,I2,02169
TRAIN,I2,02170
TRAIN,I2,02173
TRAIN,I2,02174
TRAIN,I2,02175
TRAIN,I2,02176
TRAIN,I2,02177
TRAIN,I2,02178
TRAIN,I2,02179
TRAIN,I2,02180
TRAIN,I2,02181
TRAIN,I2,02182
TRAIN,I2,02183
TEST,I2,02186
TRAIN,I2,02187
TEST,I2,02188
TEST,I2,02189
TRAIN,I2,02190
TEST,I2,02191
TRAIN,I2,02192
TRAIN,I2,02193
TRAIN,I2,02194
TRAIN,I2,02195
TRAIN,I2,02196
TRAIN,I2,02197
TRAIN,I2,02198
TRAIN,I2,02199
TRAIN,I2,02200
TRAIN,I2,02201
TRAIN,I2,02384
TEST,I2,02385
TEST,I2,02386
TRAIN,I2,02387
TRAIN,I2,02390
TRAIN,I2,02391
TRAIN,I2,02392
TRAIN,I2,02393
TEST,I2,02394
TRAIN,I2,02395
TRAIN,I2,02396
TRAIN,I2,02397
TRAIN,I2,02398
TRAIN,I2,02399
TRAIN,I2,02400
TRAIN,I2,02401
TRAIN,I2,02402
TRAIN,I2,02403
TRAIN,I2,02404
TRAIN,I2,02409
TRAIN,I2,02410
TRAIN,I2,02411
TRAIN,I2,02536
TRAIN,I2,02537
TRAIN,I2,02538
TRAIN,I2,02539
TRAIN,I2,02540
TEST,I2,02541
TRAIN,I2,02542
TEST,I2,02543
TRAIN,I2,02544
TRAIN,I2,02547
TRAIN,I2,02548
TEST,I2,02549
TRAIN,I2,02550
TRAIN,I2,02551
TRAIN,I2,02552
TRAIN,I2,02553
TRAIN,I2,02554
TRAIN,I2,02555
TRAIN,I2,02556
TRAIN,I2,02557
TEST,I2,02560
TRAIN,I2,02561
TRAIN,I2,02562
TRAIN,I2,02563
TRAIN,I2,02564
TRAIN,I2,02565
TEST,I2,02566
TRAIN,I2,02567
TRAIN,I2,02568
TRAIN,I2,02569
TRAIN,I2,02570
TRAIN,I2,02571
TRAIN,I2,02572
TRAIN,I2,02573
TRAIN,I2,02577
TRAIN,I2,02578
TRAIN,I2,02579
TRAIN,I2,02580
TEST,I2,02837
TRAIN,I2,02839
TRAIN,I2,02840
TRAIN,I2,02841
TRAIN,I2,02844
TRAIN,I2,02845
TRAIN,I2,02846
TRAIN,I2,02847
TRAIN,I2,02848
TRAIN,I2,02849
TEST,I2,02850
TEST,I2,02851
TEST,I2,02852
TRAIN,I2,02853
TRAIN,I2,02854
TRAIN,I2,02855
TEST,I2,02856
TRAIN,I2,02857
TRAIN,I2,02858
TRAIN,I2,02859
TRAIN,I2,02863
TEST,I2,02864
TEST,I2,02865
TRAIN,I2,02866
TRAIN,I2,02872
TRAIN,I2,02873
TRAIN,I2,02874
TEST,I2,02991
TRAIN,I2,02992
TRAIN,I2,02993
TEST,I2,02994
TRAIN,I2,02995
TRAIN,I2,03004
TRAIN,I2,03006
TRAIN,I2,03008
TEST,I2,03009
TRAIN,I2,03010
TEST,I2,03011
TRAIN,I2,03012
TEST,I2,03013
TRAIN,I2,03138
TRAIN,I2,03139
TRAIN,I2,03140
TRAIN,I2,03141
TRAIN,I2,03142
TRAIN,I2,03143
TRAIN,I2,03144
TRAIN,I2,03145
TRAIN,I2,03146
TRAIN,I2,03147
TEST,I2,03148
TRAIN,I2,03149
TRAIN,I2,03150
TRAIN,I2,03151
TRAIN,I2,03154
TRAIN,I2,03155
TRAIN,I2,03156
TRAIN,I2,03157
TRAIN,I2,03158
TEST,I2,03159
TEST,I2,03160
TRAIN,I2,03161
TEST,I2,03162
TRAIN,I2,03163
TRAIN,I2,03164
TRAIN,I2,03165
TEST,I2,03166
TEST,I2,03167
TRAIN,I2,03168
TRAIN,I2,03272
TRAIN,I2,03274
TEST,I2,03276
TRAIN,I2,03279
TRAIN,I2,03280
TRAIN,I2,03281
TEST,I2,03282
TRAIN,I2,03283
TRAIN,I2,03284
TRAIN,I2,03285
TEST,I2,03286
TRAIN,I2,03287
TRAIN,I2,03288
TRAIN,I2,03289
TEST,I2,03290
TRAIN,I2,03291
TRAIN,I2,03391
TRAIN,I2,03392
TRAIN,I2,03393
TEST,I2,03394
TRAIN,I2,03395
TRAIN,I2,03396
TRAIN,I2,03397
TEST,I2,03398
TRAIN,I2,03399
TEST,I2,03400
TEST,I2,03401
TRAIN,I2,03404
TRAIN,I2,03405
TRAIN,I2,03406
TRAIN,I2,03407
TEST,I2,03408
TRAIN,I2,03409
TRAIN,I2,03410
TRAIN,I2,03411
TRAIN,I2,03412
TRAIN,I2,03413
TEST,I2,03416
TRAIN,I2,03417
TRAIN,I2,03418
TRAIN,I2,03419
TRAIN,I2,03420
TRAIN,I2,03421
TEST,I2,03422
TRAIN,I2,03423
TRAIN,I2,03542
TRAIN,I2,03543
TRAIN,I2,03544
TRAIN,I2,03545
TRAIN,I2,03546
TRAIN,I2,03549
TRAIN,I2,03550
TRAIN,I2,03551
TRAIN,I2,03552
TRAIN,I2,03553
TEST,I2,03708
TRAIN,I2,03709
TRAIN,I2,03710
TEST,I2,03711
TRAIN,I2,03712
TRAIN,I2,03713
TRAIN,I2,03714
TEST,I2,03715
TRAIN,I2,03716
TRAIN,I2,03717
TRAIN,I2,03720
TRAIN,I2,03721
TRAIN,I2,03722
TRAIN,I2,03723
TRAIN,I2,03724
TEST,I2,03725
TRAIN,I2,03726
TRAIN,I2,03727
TRAIN,I2,03728
TRAIN,I2,03729
TEST,I2,03730
TRAIN,I2,03731
TRAIN,I2,03732
TRAIN,I2,03858
TRAIN,I2,03859
TRAIN,I2,03860
TRAIN,I2,03861
TRAIN,I2,03862
TRAIN,I2,03863
TRAIN,I2,03864
TRAIN,I2,03867
TRAIN,I2,03868
TRAIN,I2,03869
TRAIN,I2,03870
TRAIN,I2,03871
TRAIN,I2,03872
TRAIN,I2,03873
TRAIN,I2,03874
TEST,I2,03875
TEST,I2,03878
TRAIN,I2,03879
TRAIN,I2,03880
TEST,I2,03881
TRAIN,I2,03882
TRAIN,I2,03883
TEST,I2,03884
TRAIN,I2,03885
TRAIN,I2,03886
TRAIN,I2,03887
TRAIN,I2,03888
TRAIN,I2,03889
TRAIN,I2,04071
TEST,I2,04072
TEST,I2,04073
TRAIN,I2,04074
TRAIN,I2,04075
TRAIN,I2,04076
TRAIN,I2,04077
TRAIN,I2,04078
TRAIN,I2,04079
TRAIN,I2,04082
TRAIN,I2,04083
TRAIN,I2,04084
TRAIN,I2,04085
TRAIN,I2,04086
TRAIN,I2,04087
TRAIN,I2,04088
TRAIN,I2,04089
TRAIN,I2,04090
TRAIN,I2,04091
TRAIN,I2,04094
TRAIN,I2,04095
TRAIN,I2,04096
TRAIN,I2,04097
TRAIN,I2,04098
TRAIN,I2,04099
TEST,I2,04100
TRAIN,I2,04101
TEST,I2,04102
TEST,I2,04103
TRAIN,I2,04104
TRAIN,I2,04105
TEST,I2,04106
TRAIN,I2,04194
TRAIN,I2,04195
TRAIN,I2,04196
TRAIN,I2,04199
TRAIN,I2,04200
TRAIN,I2,04201
TEST,I2,04204
TRAIN,I2,04205
TEST,I2,04206
TRAIN,I2,04207
TRAIN,I2,04208
TRAIN,I2,04209
TRAIN,I2,04210
TRAIN,I2,04211
TEST,I2,04212
TRAIN,I2,04215
TEST,I2,04216
TRAIN,I2,04217
TRAIN,I2,04218
TRAIN,I2,04219
TRAIN,I2,04220
TEST,I2,04221
TRAIN,I2,04222
TRAIN,I2,04223
TEST,I2,04226
TRAIN,I2,04227
TRAIN,I2,04228
TRAIN,I2,04229
TRAIN,I2,04230
TRAIN,I2,04231
TRAIN,I2,04232
TRAIN,I2,04233
TEST,I2,04234
TRAIN,I2,04235
TRAIN,I2,04236
TEST,I2,04346
TRAIN,I2,04347
TRAIN,I2,04348
TRAIN,I2,04349
TRAIN,I2,04350
TRAIN,I2,04351
TRAIN,I2,04352
TEST,I2,04353
TRAIN,I2,04354
TRAIN,I2,04355
TRAIN,I2,04356
TEST,I2,04357
TRAIN,I2,04358
TRAIN,I2,04479
TRAIN,I2,04480
TEST,I2,04481
TRAIN,I2,04482
TRAIN,I2,04483
TRAIN,I2,04484
TEST,I2,04487
TRAIN,I2,04488
TRAIN,I2,04489
TRAIN,I2,04490
TRAIN,I2,04491
TRAIN,I2,04492
TRAIN,I2,04493
TRAIN,I2,04494
TRAIN,I2,04495
TRAIN,I2,04498
TRAIN,I2,04499
TRAIN,I2,04500
TRAIN,I2,04501
TRAIN,I2,04503
TRAIN,I2,04504
TEST,I2,04505
TRAIN,I2,04618
TRAIN,I2,04619
TRAIN,I2,04620
TRAIN,I2,04621
TRAIN,I2,04622
TRAIN,I2,04625
TRAIN,I2,04626
TRAIN,I2,04627
TRAIN,I2,04628
TRAIN,I2,04629
TRAIN,I2,04630
TRAIN,I2,04631
TRAIN,I2,04632
TEST,I2,04633
TRAIN,I2,04634
TRAIN,I2,04635
TRAIN,I2,04636
TRAIN,I2,04637
TRAIN,I2,04638
TRAIN,I2,04639
TRAIN,I2,04763
TEST,I2,04764
TRAIN,I2,04765
TEST,I2,04766
TRAIN,I2,04767
TRAIN,I2,04768
TEST,I2,04885
TEST,I2,04886
TRAIN,I2,04887
TRAIN,I2,04888
TRAIN,I2,04889
TRAIN,I2,04890
TRAIN,I2,04891
TRAIN,I2,04894
TRAIN,I2,04895
TRAIN,I2,04896
TEST,I2,04897
TEST,I2,04898
TRAIN,I2,04899
TRAIN,I2,04900
TRAIN,I2,04901
TEST,I2,04902
TRAIN,I2,04903
TRAIN,I2,04904
TRAIN,I2,04905
TRAIN,I2,04906
TRAIN,I2,05026
TRAIN,I2,05027
TRAIN,I2,05032
TRAIN,I2,05033
TEST,I2,05034
TEST,I2,05035
TRAIN,I2,05036
TEST,I2,05037
TEST,I2,05038
TRAIN,I2,05039
TRAIN,I2,05040
TEST,I2,05043
TRAIN,I2,05044
TRAIN,I2,05045
TRAIN,I2,05046
TEST,I2,05047
TRAIN,I2,05048
TEST,I2,05049
TRAIN,I2,05050
TRAIN,I2,05051
TRAIN,I2,05052
TRAIN,I2,05053
TRAIN,I2,05054
TRAIN,I2,05055
TEST,I2,05056
TEST,I2,05168
TRAIN,I2,05169
TRAIN,I2,05170
TRAIN,I2,05171
TRAIN,I2,05172
TRAIN,I2,05173
TRAIN,I2,05174
TRAIN,I2,05175
TRAIN,I2,05178
TEST,I2,05179
TRAIN,I2,05180
TRAIN,I2,05181
TRAIN,I2,05182
TRAIN,I2,05183
TEST,I2,05184
TRAIN,I2,05185
TEST,I2,05186
TEST,I2,05189
TRAIN,I2,05190
TRAIN,I2,05191
TRAIN,I2,05192
TEST,I2,05193
TRAIN,I2,05194
TRAIN,I2,05195
TRAIN,I2,05196
TRAIN,I2,05197
TRAIN,I2,05280
TRAIN,I2,05281
TEST,I2,05282
TEST,I2,05283
TRAIN,I2,05284
TEST,I2,05285
TRAIN,I2,05286
TRAIN,I2,05287
TRAIN,I2,05288
TRAIN,I2,05291
TRAIN,I2,05292
TEST,I2,05293
TRAIN,I2,05294
TRAIN,I2,05295
TRAIN,I2,05296
TRAIN,I2,05297
TEST,I2,05298
TRAIN,I2,05299
TRAIN,I2,05300
TEST,I2,05301
TEST,I2,05302
TRAIN,I2,05303
TRAIN,I3,00110
TRAIN,I3,00111
TRAIN,I3,00112
TRAIN,I3,00113
TRAIN,I3,00114
TRAIN,I3,00115
TEST,I3,00116
TRAIN,I3,00210
TRAIN,I3,00211
TEST,I3,00212
TRAIN,I3,00214
TEST,I3,00215
TRAIN,I3,00216
TRAIN,I3,00219
TRAIN,I3,00220
TRAIN,I3,00221
TRAIN,I3,00222
TRAIN,I3,00223
TRAIN,I3,00224
TRAIN,I3,00225
TRAIN,I3,00228
TRAIN,I3,00435
TRAIN,I3,00436
TRAIN,I3,00437
TEST,I3,00440
TRAIN,I3,00441
TRAIN,I3,00442
TRAIN,I3,00445
TRAIN,I3,00446
TRAIN,I3,00447
TRAIN,I3,00448
TRAIN,I3,00449
TRAIN,I3,00450
TRAIN,I3,00451
TRAIN,I3,00453
TRAIN,I3,00454
TRAIN,I3,00455
TRAIN,I3,00670
TEST,I3,00671
TRAIN,I3,00672
TRAIN,I3,00673
TRAIN,I3,00676
TRAIN,I3,00677
TRAIN,I3,00678
TEST,I3,00681
TRAIN,I3,00682
TRAIN,I3,00683
TRAIN,I3,00686
TRAIN,I3,00687
TEST,I3,00688
TRAIN,I3,00691
TRAIN,I3,00692
TEST,I3,00693
TRAIN,I3,00694
TEST,I3,00695
TEST,I3,00696
TRAIN,I3,00698
TRAIN,I3,00699
TRAIN,I3,00882
TRAIN,I3,00883
TRAIN,I3,00884
TRAIN,I3,00885
TRAIN,I3,00889
TRAIN,I3,00890
TRAIN,I3,00891
TRAIN,I3,00892
TRAIN,I3,00893
TRAIN,I3,01094
TRAIN,I3,01095
TRAIN,I3,01096
TRAIN,I3,01097
TRAIN,I3,01098
TRAIN,I3,01099
TRAIN,I3,01101
TRAIN,I3,01102
TRAIN,I3,01103
TRAIN,I3,01276
TRAIN,I3,01277
TRAIN,I3,01278
TRAIN,I3,01282
TRAIN,I3,01283
TRAIN,I3,01460
TEST,I3,01461
TEST,I3,01463
TEST,I3,01464
TEST,I3,01465
TEST,I3,01466
TEST,I3,01467
TRAIN,I3,01468
TRAIN,I3,01469
TEST,I3,01470
TRAIN,I3,01471
TEST,I3,01472
TEST,I3,01473
TRAIN,I3,01474
TRAIN,I3,01476
TRAIN,I3,01478
TRAIN,I3,01479
TRAIN,I3,01640
TRAIN,I3,01641
TRAIN,I3,01648
TRAIN,I3,01649
TRAIN,I3,01650
TRAIN,I3,01651
TRAIN,I3,01655
TRAIN,I3,01656
TEST,I3,01657
TRAIN,I3,01658
TEST,I3,01662
TRAIN,I3,01663
TRAIN,I3,01664
TRAIN,I3,01665
TRAIN,I3,01666
TRAIN,I3,01836
TEST,I3,01837
TRAIN,I3,01838
TEST,I3,01839
TRAIN,I3,01840
TRAIN,I3,01841
TRAIN,I3,02023
TRAIN,I3,02030
TRAIN,I3,02031
TRAIN,I3,02032
TRAIN,I3,02033
TRAIN,I3,02034
TRAIN,I3,02035
TRAIN,I3,02036
TRAIN,I3,02037
TRAIN,I3,02205
TEST,I3,02206
TRAIN,I3,02210
TEST,I3,02211
TRAIN,I3,02212
TEST,I3,02214
TRAIN,I3,02215
TRAIN,I3,02216
TRAIN,I3,02219
TEST,I3,02220
TRAIN,I3,02221
TEST,I3,02224
TRAIN,I3,02225
TEST,I3,02226
TEST,I3,02227
TRAIN,I3,02228
TRAIN,I3,02229
TRAIN,I3,02230
TRAIN,I3,02231
TRAIN,I3,02415
TRAIN,I3,02416
TEST,I3,02417
TRAIN,I3,02418
TRAIN,I3,02419
TRAIN,I3,02584
TRAIN,I3,02585
TEST,I3,02586
TEST,I3,02587
TEST,I3,02591
TRAIN,I3,02592
TRAIN,I3,02593
TRAIN,I3,02594
TRAIN,I3,02595
TRAIN,I3,02870
TRAIN,I3,02871
TEST,I3,02878
TRAIN,I3,02879
TRAIN,I3,02880
TRAIN,I3,02881
TRAIN,I3,02882
TRAIN,I3,02883
TRAIN,I3,02884
TRAIN,I3,02885
TRAIN,I3,03017
TRAIN,I3,03018
TRAIN,I3,03019
TRAIN,I3,03020
TRAIN,I3,03021
TRAIN,I3,03022
TRAIN,I3,03024
TRAIN,I3,03025
TRAIN,I3,03026
TEST,I3,03028
TRAIN,I3,03029
TRAIN,I3,03030
TRAIN,I3,03031
TRAIN,I3,03295
TRAIN,I3,03296
TRAIN,I3,03297
TRAIN,I3,03298
TEST,I3,03299
TEST,I3,03300
TRAIN,I3,03304
TRAIN,I3,03305
TEST,I3,03306
TEST,I3,03307
TRAIN,I3,03308
TRAIN,I3,03309
TEST,I3,03311
TRAIN,I3,03312
TRAIN,I3,03427
TRAIN,I3,03428
TRAIN,I3,03429
TRAIN,I3,03430
TRAIN,I3,03431
TEST,I3,03435
TRAIN,I3,03436
TRAIN,I3,03437
TRAIN,I3,03438
TRAIN,I3,03439
TRAIN,I3,03736
TEST,I3,03737
TRAIN,I3,03738
TRAIN,I3,03739
TRAIN,I3,03743
TRAIN,I3,03744
TRAIN,I3,03745
TRAIN,I3,03746
TRAIN,I3,03749
TRAIN,I3,03750
TRAIN,I3,03751
TRAIN,I3,03752
TRAIN,I3,03753
TRAIN,I3,03754
TRAIN,I3,03755
TRAIN,I3,03893
TRAIN,I3,03894
TRAIN,I3,03895
TEST,I3,03896
TRAIN,I3,03897
TRAIN,I3,03898
TEST,I3,03899
TEST,I3,03900
TEST,I3,04109
TRAIN,I3,04110
TRAIN,I3,04111
TRAIN,I3,04112
TRAIN,I3,04115
TRAIN,I3,04116
TRAIN,I3,04117
TRAIN,I3,04118
TEST,I3,04119
TRAIN,I3,04120
TRAIN,I3,04240
TRAIN,I3,04241
TRAIN,I3,04242
TRAIN,I3,04243
TRAIN,I3,04244
TEST,I3,04245
TRAIN,I3,04247
TRAIN,I3,04362
TRAIN,I3,04363
TRAIN,I3,04364
TRAIN,I3,04365
TRAIN,I3,04369
TRAIN,I3,04370
TEST,I3,04371
TRAIN,I3,04372
TRAIN,I3,04373
TRAIN,I3,04374
TEST,I3,04375
TRAIN,I3,04507
TRAIN,I3,04508
TRAIN,I3,04509
TRAIN,I3,04510
TRAIN,I3,04511
TEST,I3,04512
TEST,I3,04644
TEST,I3,04645
TRAIN,I3,04646
TRAIN,I3,04647
TRAIN,I3,04651
TRAIN,I3,04652
TRAIN,I3,04653
TEST,I3,04654
TRAIN,I3,04655
TRAIN,I3,04656
TRAIN,I3,04657
TEST,I3,04659
TRAIN,I3,04660
TEST,I3,04662
TRAIN,I3,04663
TRAIN,I3,04664
TRAIN,I3,04909
TRAIN,I3,04910
TRAIN,I3,04911
TRAIN,I3,04912
TRAIN,I3,04914
TRAIN,I3,04915
TEST,I3,04916
TRAIN,I3,04917
TRAIN,I3,04918
TRAIN,I3,04919
TRAIN,I3,04921
TEST,I3,04922
TRAIN,I3,05060
TEST,I3,05061
TRAIN,I3,05062
TRAIN,I3,05063
TRAIN,I3,05064
TRAIN,I3,05066
TRAIN,I3,05067
TEST,I3,05069
TRAIN,I3,05198
TRAIN,I3,05199
TRAIN,I3,05307
TEST,I3,05308
TRAIN,I3,05309
TRAIN,I3,05310
TRAIN,I3,05314
TRAIN,I3,05315
TRAIN,I3,05316
TRAIN,I3,05317
TRAIN,I3,05318
TRAIN,I3,05320
TEST,I3,05321
TRAIN,I3,05440
TRAIN,I3,05441
TRAIN,I3,05442
TRAIN,I3,05443
TRAIN,I3,05444
TRAIN,I3,05445
TRAIN,I3,05446
TEST,I3,05447
TRAIN,I3,05449
TEST,I3,05450
TEST,I4,00226
TRAIN,I4,00230
TEST,I4,00233
TEST,I4,00452
TEST,I4,00456
TRAIN,I4,00697
TRAIN,I4,00700
TRAIN,I4,00894
TRAIN,I4,01100
TRAIN,I4,01104
TEST,I4,01284
TRAIN,I4,01475
TRAIN,I4,01477
TRAIN,I4,01480
TRAIN,I4,01667
TEST,I4,01673
TRAIN,I4,01842
TRAIN,I4,02232
TEST,I4,02420
TRAIN,I4,02886
TRAIN,I4,03023
TRAIN,I4,03027
TRAIN,I4,03032
TEST,I4,03310
TRAIN,I4,03317
TRAIN,I4,03612
TRAIN,I4,03615
TRAIN,I4,03760
TRAIN,I4,03932
TRAIN,I4,04121
TRAIN,I4,04151
TRAIN,I4,04246
TRAIN,I4,04248
TRAIN,I4,04658
TEST,I4,04661
TRAIN,I4,04665
TRAIN,I4,04920
TRAIN,I4,04923
TRAIN,I4,05065
TRAIN,I4,05068
TRAIN,I4,05322
TEST,I4,05326
TRAIN,I4,05329
TRAIN,I4,05336
TRAIN,I4,05448
TRAIN,I4,05451
TRAIN,M,01940
TRAIN,M,01941
TRAIN,M,01942
TRAIN,M,01943
TRAIN,M,01944
TEST,M,01946
TEST,M,01947
TRAIN,M,01948
TRAIN,M,01949
TRAIN,M,01951
TRAIN,M,01952
TEST,M,01953
TRAIN,M,01954
TRAIN,M,01955
TEST,M,01957
TEST,M,01958
TRAIN,M,01959
TRAIN,M,01960
TRAIN,M,01961
TRAIN,M,01963
TRAIN,M,01964
TRAIN,M,01965
TRAIN,M,01966
TRAIN,M,01968
TRAIN,M,01969
TEST,M,01970
TRAIN,M,01971
TRAIN,M,01973
TRAIN,M,01974
TRAIN,M,02508
TRAIN,M,02509
TRAIN,M,02511
TRAIN,M,02512
TEST,M,02513
TRAIN,M,02514
TRAIN,M,02515
TRAIN,M,02517
TRAIN,M,02518
TRAIN,M,02519
TRAIN,M,02964
TRAIN,M,02965
TEST,M,04025
TRAIN,M,04030
TRAIN,M,04037
TRAIN,M,04039
TRAIN,M,04047
TRAIN,M,04048
TRAIN,M,04049
TEST,M,04051
TEST,M,04052
TRAIN,M,04053
TRAIN,M,04054
TRAIN,M,04055
TRAIN,M,04056
TEST,M,04057
TRAIN,M,04058
TRAIN,M,04060
TRAIN,M,04061
TRAIN,M,04062
TEST,M,04063
TRAIN,P,00100
TRAIN,P,00101
TEST,P,00102
TRAIN,P,00107
TEST,P,00108
TRAIN,P,00109
TRAIN,P,00213
TRAIN,P,00217
TRAIN,P,00218
TRAIN,P,00432
TRAIN,P,00433
TRAIN,P,00434
TRAIN,P,00438
TRAIN,P,00439
TRAIN,P,00443
TRAIN,P,00444
TRAIN,P,00668
TRAIN,P,00669
TEST,P,00674
TRAIN,P,00675
TRAIN,P,00679
TRAIN,P,00680
TRAIN,P,00684
TRAIN,P,00685
TRAIN,P,00689
TRAIN,P,00690
TRAIN,P,00879
TRAIN,P,00880
TRAIN,P,00881
TRAIN,P,00886
TRAIN,P,00887
TEST,P,00888
TRAIN,P,01084
TRAIN,P,01085
TRAIN,P,01086
TRAIN,P,01091
TRAIN,P,01092
TRAIN,P,01093
TRAIN,P,01272
TRAIN,P,01273
TRAIN,P,01274
TRAIN,P,01275
TRAIN,P,01280
TRAIN,P,01281
TRAIN,P,01458
TRAIN,P,01459
TRAIN,P,01462
TEST,P,01636
TRAIN,P,01637
TRAIN,P,01638
TEST,P,01639
TRAIN,P,01644
TEST,P,01645
TEST,P,01646
TRAIN,P,01647
TEST,P,01652
TRAIN,P,01653
TRAIN,P,01654
TRAIN,P,01659
TRAIN,P,01660
TRAIN,P,01661
TEST,P,01825
TRAIN,P,01826
TRAIN,P,01827
TEST,P,01828
TRAIN,P,01833
TRAIN,P,01834
TRAIN,P,01835
TRAIN,P,02018
TEST,P,02019
TRAIN,P,02020
TRAIN,P,02021
TRAIN,P,02026
TRAIN,P,02027
TRAIN,P,02028
TRAIN,P,02029
TRAIN,P,02202
TEST,P,02203
TRAIN,P,02204
TRAIN,P,02208
TRAIN,P,02209
TRAIN,P,02213
TRAIN,P,02217
TRAIN,P,02218
TRAIN,P,02222
TEST,P,02223
TEST,P,02405
TRAIN,P,02406
TEST,P,02407
TRAIN,P,02408
TRAIN,P,02412
TRAIN,P,02413
TRAIN,P,02414
TRAIN,P,02574
TRAIN,P,02575
TRAIN,P,02576
TRAIN,P,02581
TRAIN,P,02582
TEST,P,02583
TEST,P,02588
TRAIN,P,02589
TEST,P,02590
TEST,P,02860
TEST,P,02861
TRAIN,P,02862
TRAIN,P,02867
TRAIN,P,02868
TRAIN,P,02869
TRAIN,P,02875
TRAIN,P,02876
TRAIN,P,02877
TRAIN,P,03014
TRAIN,P,03015
TRAIN,P,03016
TEST,P,03292
TRAIN,P,03293
TRAIN,P,03294
TEST,P,03301
TRAIN,P,03302
TEST,P,03303
TRAIN,P,03424
TRAIN,P,03425
TRAIN,P,03426
TRAIN,P,03432
TRAIN,P,03433
TEST,P,03434
TRAIN,P,03733
TRAIN,P,03734
TEST,P,03735
TRAIN,P,03740
TRAIN,P,03741
TRAIN,P,03742
TEST,P,03747
TRAIN,P,03748
TRAIN,P,03890
TRAIN,P,03891
TRAIN,P,03892
TRAIN,P,04107
TRAIN,P,04108
TEST,P,04113
TRAIN,P,04114
TEST,P,04237
TRAIN,P,04238
TRAIN,P,04239
TEST,P,04359
TRAIN,P,04360
TEST,P,04361
TRAIN,P,04366
TRAIN,P,04367
TRAIN,P,04368
TRAIN,P,04502
TRAIN,P,04506
TRAIN,P,04640
TRAIN,P,04641
TEST,P,04642
TRAIN,P,04643
TRAIN,P,04648
TEST,P,04649
TRAIN,P,04650
TRAIN,P,04907
TRAIN,P,04908
TRAIN,P,04913
TRAIN,P,05057
TRAIN,P,05058
TRAIN,P,05059
TEST,P,05304
TRAIN,P,05305
TRAIN,P,05306
TRAIN,P,05311
TEST,P,05312
TRAIN,P,05313
